ds,trend,yhat_lower,yhat_upper,trend_lower,trend_upper,additive_terms,additive_terms_lower,additive_terms_upper,weekly,weekly_lower,weekly_upper,multiplicative_terms,multiplicative_terms_lower,multiplicative_terms_upper,yhat
2025-01-08,7.004858,4.905829679670308,8.847994793555062,7.004858,7.004858,-0.10483614545855335,-0.10483614545855335,-0.10483614545855335,-0.10483614545855335,-0.10483614545855335,-0.10483614545855335,0.0,0.0,0.0,6.900021854541446
2025-01-09,6.987667470886075,5.1535928530447865,9.27414833686065,6.987667470886075,6.987667470886075,0.1041546898001289,0.1041546898001289,0.1041546898001289,0.1041546898001289,0.1041546898001289,0.1041546898001289,0.0,0.0,0.0,7.091822160686204
2025-01-10,6.9704769417721515,4.935565479018411,8.800553900409787,6.9704769417721515,6.9704769417721515,-0.04941494386684209,-0.04941494386684209,-0.04941494386684209,-0.04941494386684209,-0.04941494386684209,-0.04941494386684209,0.0,0.0,0.0,6.921061997905309
2025-01-11,6.953286412658228,5.2470312785918996,9.10489760417488,6.953286412658228,6.953286412658228,0.27159334421828235,0.27159334421828235,0.27159334421828235,0.27159334421828235,0.27159334421828235,0.27159334421828235,0.0,0.0,0.0,7.22487975687651
2025-01-12,6.936095883544304,4.887159358201549,8.698277699954772,6.936095883544304,6.936095883544304,-0.02286219671715724,-0.02286219671715724,-0.02286219671715724,-0.02286219671715724,-0.02286219671715724,-0.02286219671715724,0.0,0.0,0.0,6.913233686827147
2025-01-13,6.91890535443038,4.846281568925372,8.720126753335055,6.91890535443038,6.91890535443038,-0.11288544524830625,-0.11288544524830625,-0.11288544524830625,-0.11288544524830625,-0.11288544524830625,-0.11288544524830625,0.0,0.0,0.0,6.806019909182074
2025-01-14,6.901714825316456,4.824323337900203,8.62982871466208,6.901714825316456,6.901714825316456,-0.08574930272731622,-0.08574930272731622,-0.08574930272731622,-0.08574930272731622,-0.08574930272731622,-0.08574930272731622,0.0,0.0,0.0,6.81596552258914
2025-01-15,6.884524296202532,4.734318155278133,8.630887234546107,6.884524296202532,6.884524296202532,-0.10483614545866832,-0.10483614545866832,-0.10483614545866832,-0.10483614545866832,-0.10483614545866832,-0.10483614545866832,0.0,0.0,0.0,6.779688150743864
2025-01-16,6.867333767088607,5.224446101440482,8.937384268884784,6.867333767088607,6.867333767088607,0.10415468979987645,0.10415468979987645,0.10415468979987645,0.10415468979987645,0.10415468979987645,0.10415468979987645,0.0,0.0,0.0,6.971488456888483
2025-01-17,6.850143237974684,4.79754442566353,8.718926928068694,6.850143237974684,6.850143237974684,-0.04941494386670265,-0.04941494386670265,-0.04941494386670265,-0.04941494386670265,-0.04941494386670265,-0.04941494386670265,0.0,0.0,0.0,6.800728294107981
2025-01-18,6.832952708860759,5.153475190208047,9.06291438751623,6.832952708860759,6.832952708860759,0.27159334421736225,0.27159334421736225,0.27159334421736225,0.27159334421736225,0.27159334421736225,0.27159334421736225,0.0,0.0,0.0,7.1045460530781215
2025-01-19,6.8157621797468355,4.730553522403011,8.7571531782078,6.8157621797468355,6.8157621797468355,-0.02286219671714972,-0.02286219671714972,-0.02286219671714972,-0.02286219671714972,-0.02286219671714972,-0.02286219671714972,0.0,0.0,0.0,6.7928999830296855
2025-01-20,6.798571650632911,4.740449635321596,8.680601126285387,6.798571650632911,6.798571650632911,-0.1128854452481754,-0.1128854452481754,-0.1128854452481754,-0.1128854452481754,-0.1128854452481754,-0.1128854452481754,0.0,0.0,0.0,6.6856862053847355
2025-01-21,6.781381121518987,4.814676008086466,8.526158302877977,6.781381121518987,6.781381121518987,-0.08574930272789737,-0.08574930272789737,-0.08574930272789737,-0.08574930272789737,-0.08574930272789737,-0.08574930272789737,0.0,0.0,0.0,6.69563181879109
2025-01-22,6.764190592405063,4.685406571487706,8.58429934795171,6.764190592405063,6.764190592405063,-0.10483614545811834,-0.10483614545811834,-0.10483614545811834,-0.10483614545811834,-0.10483614545811834,-0.10483614545811834,0.0,0.0,0.0,6.659354446946945
2025-01-23,6.747000063291138,4.8890178349959825,8.906427750267396,6.747000063291138,6.747000063291138,0.10415468979997237,0.10415468979997237,0.10415468979997237,0.10415468979997237,0.10415468979997237,0.10415468979997237,0.0,0.0,0.0,6.8511547530911105
2025-01-24,6.729809534177215,4.647089262593629,8.635056290021884,6.729809534177215,6.729809534177215,-0.0494149438666376,-0.0494149438666376,-0.0494149438666376,-0.0494149438666376,-0.0494149438666376,-0.0494149438666376,0.0,0.0,0.0,6.680394590310577
2025-01-25,6.71261900506329,4.987238818060319,9.018380751492392,6.71261900506329,6.71261900506329,0.27159334421765946,0.27159334421765946,0.27159334421765946,0.27159334421765946,0.27159334421765946,0.27159334421765946,0.0,0.0,0.0,6.98421234928095
2025-01-26,6.695428475949367,4.699993085679975,8.634302092968941,6.695428475949367,6.695428475949367,-0.0228621967171422,-0.0228621967171422,-0.0228621967171422,-0.0228621967171422,-0.0228621967171422,-0.0228621967171422,0.0,0.0,0.0,6.672566279232225
2025-01-27,6.678237946835443,4.596741513480139,8.462204553354733,6.678237946835443,6.678237946835443,-0.11288544524757908,-0.11288544524757908,-0.11288544524757908,-0.11288544524757908,-0.11288544524757908,-0.11288544524757908,0.0,0.0,0.0,6.565352501587864
2025-01-28,6.661047417721519,4.507816578668726,8.617245680060263,6.661047417721519,6.661047417721519,-0.085749302726779,-0.085749302726779,-0.085749302726779,-0.085749302726779,-0.085749302726779,-0.085749302726779,0.0,0.0,0.0,6.57529811499474
2025-01-29,6.643856888490629,4.646331769189657,8.526009302763427,6.643856888490629,6.643856888490629,-0.10483614545889822,-0.10483614545889822,-0.10483614545889822,-0.10483614545889822,-0.10483614545889822,-0.10483614545889822,0.0,0.0,0.0,6.539020743031731
2025-01-30,6.626666359259739,4.769395993301395,8.716399504500291,6.626666359259739,6.626666359259739,0.10415468980006827,0.10415468980006827,0.10415468980006827,0.10415468980006827,0.10415468980006827,0.10415468980006827,0.0,0.0,0.0,6.730821049059807
2025-01-31,6.609475830028848,4.568282205806861,8.544736613819143,6.609475830028848,6.609475830028848,-0.049414943867051773,-0.049414943867051773,-0.049414943867051773,-0.049414943867051773,-0.049414943867051773,-0.049414943867051773,0.0,0.0,0.0,6.560060886161796
2025-02-01,6.592285300797959,4.899641682309688,8.774759388990784,6.592285300797959,6.592285300797959,0.27159334421757014,0.27159334421757014,0.27159334421757014,0.27159334421757014,0.27159334421757014,0.27159334421757014,0.0,0.0,0.0,6.86387864501553
2025-02-02,6.575094771567069,4.559464660953071,8.444460398090104,6.575094771567069,6.575094771567069,-0.02286219671784597,-0.02286219671784597,-0.02286219671784597,-0.02286219671784597,-0.02286219671784597,-0.02286219671784597,0.0,0.0,0.0,6.5522325748492225
2025-02-03,6.557904242336179,4.527351903134072,8.355208119762638,6.557904242336179,6.557904242336179,-0.11288544524784908,-0.11288544524784908,-0.11288544524784908,-0.11288544524784908,-0.11288544524784908,-0.11288544524784908,0.0,0.0,0.0,6.445018797088331
2025-02-04,6.540713713105289,4.451523323464268,8.342023035005255,6.540713713105289,6.540713713105289,-0.08574930272777415,-0.08574930272777415,-0.08574930272777415,-0.08574930272777415,-0.08574930272777415,-0.08574930272777415,0.0,0.0,0.0,6.454964410377515
2025-02-05,6.523523183874398,4.51091778251153,8.2917583778698,6.523523183874398,6.523523183874398,-0.10483614545854877,-0.10483614545854877,-0.10483614545854877,-0.10483614545854877,-0.10483614545854877,-0.10483614545854877,0.0,0.0,0.0,6.418687038415849
2025-02-06,6.50633265464351,4.664612998777603,8.50023215657305,6.50633265464351,6.50633265464351,0.10415468980016418,0.10415468980016418,0.10415468980016418,0.10415468980016418,0.10415468980016418,0.10415468980016418,0.0,0.0,0.0,6.610487344443674
2025-02-07,6.489142125412619,4.4347498171169235,8.375700339328995,6.489142125412619,6.489142125412619,-0.04941494386698676,-0.04941494386698676,-0.04941494386698676,-0.04941494386698676,-0.04941494386698676,-0.04941494386698676,0.0,0.0,0.0,6.439727181545632
2025-02-08,6.4719515961817295,4.879030061931803,8.736140566822156,6.4719515961817295,6.4719515961817295,0.2715933442178962,0.2715933442178962,0.2715933442178962,0.2715933442178962,0.2715933442178962,0.2715933442178962,0.0,0.0,0.0,6.743544940399626
2025-02-09,6.454761066950839,4.475906537772889,8.319389729980756,6.454761066950839,6.454761066950839,-0.02286219671712715,-0.02286219671712715,-0.02286219671712715,-0.02286219671712715,-0.02286219671712715,-0.02286219671712715,0.0,0.0,0.0,6.431898870233712
2025-02-10,6.437570537719949,4.385398252036449,8.184760253776057,6.437570537719949,6.437570537719949,-0.11288544524811908,-0.11288544524811908,-0.11288544524811908,-0.11288544524811908,-0.11288544524811908,-0.11288544524811908,0.0,0.0,0.0,6.32468509247183
2025-02-11,6.42038000848906,4.373228266707933,8.22019705682777,6.42038000848906,6.42038000848906,-0.08574930272665576,-0.08574930272665576,-0.08574930272665576,-0.08574930272665576,-0.08574930272665576,-0.08574930272665576,0.0,0.0,0.0,6.334630705762404
2025-02-12,6.403189479258169,4.349243821780974,8.245647506732743,6.403189479258169,6.403189479258169,-0.10483614545866371,-0.10483614545866371,-0.10483614545866371,-0.10483614545866371,-0.10483614545866371,-0.10483614545866371,0.0,0.0,0.0,6.298353333799506
2025-02-13,6.38599895002728,4.613492004720718,8.404177205173655,6.38599895002728,6.38599895002728,0.10415468979991171,0.10415468979991171,0.10415468979991171,0.10415468979991171,0.10415468979991171,0.10415468979991171,0.0,0.0,0.0,6.4901536398271915
2025-02-14,6.368808420796389,4.3027254475553125,8.31113416890437,6.368808420796389,6.368808420796389,-0.04941494386688449,-0.04941494386688449,-0.04941494386688449,-0.04941494386688449,-0.04941494386688449,-0.04941494386688449,0.0,0.0,0.0,6.319393476929505
2025-02-15,6.351617891565499,4.678219424206301,8.46365644494006,6.351617891565499,6.351617891565499,0.27159334421822223,0.27159334421822223,0.27159334421822223,0.27159334421822223,0.27159334421822223,0.27159334421822223,0.0,0.0,0.0,6.623211235783721
2025-02-16,6.33442736233461,4.310115964407974,8.226892384664305,6.33442736233461,6.33442736233461,-0.022862196716980608,-0.022862196716980608,-0.022862196716980608,-0.022862196716980608,-0.022862196716980608,-0.022862196716980608,0.0,0.0,0.0,6.31156516561763
2025-02-17,6.31723683310372,4.186404745247787,8.202519998314449,6.31723683310372,6.31723683310372,-0.11288544524838907,-0.11288544524838907,-0.11288544524838907,-0.11288544524838907,-0.11288544524838907,-0.11288544524838907,0.0,0.0,0.0,6.204351387855331
2025-02-18,6.300046303696652,4.331700941376891,8.29503676953428,6.300046303696652,6.300046303696652,-0.08574930272723694,-0.08574930272723694,-0.08574930272723694,-0.08574930272723694,-0.08574930272723694,-0.08574930272723694,0.0,0.0,0.0,6.214297000969415
2025-02-19,6.282855774289584,4.204017095549387,8.32061457032128,6.282855774289584,6.282855774289584,-0.10483614545811375,-0.10483614545811375,-0.10483614545811375,-0.10483614545811375,-0.10483614545811375,-0.10483614545811375,0.0,0.0,0.0,6.17801962883147
2025-02-20,6.265665244882516,4.369256980293099,8.211633732131695,6.265665244882516,6.265665244882516,0.10415468980035597,0.10415468980035597,0.10415468980035597,0.10415468980035597,0.10415468980035597,0.10415468980035597,0.0,0.0,0.0,6.369819934682872
2025-02-21,6.2484747154754485,4.165455716641004,8.010074214059795,6.2484747154754485,6.2484747154754485,-0.049414943867261495,-0.049414943867261495,-0.049414943867261495,-0.049414943867261495,-0.049414943867261495,-0.049414943867261495,0.0,0.0,0.0,6.199059771608187
2025-02-22,6.231284186068381,4.714707193334017,8.521951680400404,6.231284186068381,6.231284186068381,0.2715933442177176,0.2715933442177176,0.2715933442177176,0.2715933442177176,0.2715933442177176,0.2715933442177176,0.0,0.0,0.0,6.502877530286098
2025-02-23,6.214093656661314,4.281176747013639,8.094012055587346,6.214093656661314,6.214093656661314,-0.02286219671697308,-0.02286219671697308,-0.02286219671697308,-0.02286219671697308,-0.02286219671697308,-0.02286219671697308,0.0,0.0,0.0,6.1912314599443405
2025-02-24,6.196903127254247,4.198240857349508,7.9219149961159365,6.196903127254247,6.196903127254247,-0.1128854452477927,-0.1128854452477927,-0.1128854452477927,-0.1128854452477927,-0.1128854452477927,-0.1128854452477927,0.0,0.0,0.0,6.084017682006454
2025-02-25,6.179712597847179,4.023264521856077,7.923317543930543,6.179712597847179,6.179712597847179,-0.0857493027269683,-0.0857493027269683,-0.0857493027269683,-0.0857493027269683,-0.0857493027269683,-0.0857493027269683,0.0,0.0,0.0,6.0939632951202105
2025-02-26,6.162522068440111,4.056800045053664,7.9123901746950365,6.162522068440111,6.162522068440111,-0.10483614545756381,-0.10483614545756381,-0.10483614545756381,-0.10483614545756381,-0.10483614545756381,-0.10483614545756381,0.0,0.0,0.0,6.0576859229825475
2025-02-27,6.145331539033044,4.154296494136663,7.956036441925746,6.145331539033044,6.145331539033044,0.10415468980001208,0.10415468980001208,0.10415468980001208,0.10415468980001208,0.10415468980001208,0.10415468980001208,0.0,0.0,0.0,6.249486228833056
2025-02-28,6.128141009625976,4.1776039267348395,8.140884972312504,6.128141009625976,6.128141009625976,-0.04941494386715925,-0.04941494386715925,-0.04941494386715925,-0.04941494386715925,-0.04941494386715925,-0.04941494386715925,0.0,0.0,0.0,6.078726065758817
2025-03-01,6.110950480218908,4.502733229793212,8.246948042618978,6.110950480218908,6.110950480218908,0.2715933442180436,0.2715933442180436,0.2715933442180436,0.2715933442180436,0.2715933442180436,0.2715933442180436,0.0,0.0,0.0,6.382543824436952
2025-03-02,6.09375995081184,4.135080034464981,7.945957594105046,6.09375995081184,6.09375995081184,-0.02286219671767685,-0.02286219671767685,-0.02286219671767685,-0.02286219671767685,-0.02286219671767685,-0.02286219671767685,0.0,0.0,0.0,6.0708977540941635
2025-03-03,6.076569421404773,4.0649359723227025,7.796238325140772,6.076569421404773,6.076569421404773,-0.1128854452485282,-0.1128854452485282,-0.1128854452485282,-0.1128854452485282,-0.1128854452485282,-0.1128854452485282,0.0,0.0,0.0,5.963683976156245
2025-03-04,6.059378891997705,3.9990142180847332,7.745736496754088,6.059378891997705,6.059378891997705,-0.08574930272711366,-0.08574930272711366,-0.08574930272711366,-0.08574930272711366,-0.08574930272711366,-0.08574930272711366,0.0,0.0,0.0,5.973629589270591
2025-03-05,6.042188362590638,3.9536267150774886,7.903194238138144,6.042188362590638,6.042188362590638,-0.10483614545834366,-0.10483614545834366,-0.10483614545834366,-0.10483614545834366,-0.10483614545834366,-0.10483614545834366,0.0,0.0,0.0,5.937352217132294
2025-03-06,6.024997833183571,4.210045931355294,8.102633107061525,6.024997833183571,6.024997833183571,0.10415468980010799,0.10415468980010799,0.10415468980010799,0.10415468980010799,0.10415468980010799,0.10415468980010799,0.0,0.0,0.0,6.129152522983679
2025-03-07,6.007807303776503,4.00768400758393,7.959456015061894,6.007807303776503,6.007807303776503,-0.04941494386709421,-0.04941494386709421,-0.04941494386709421,-0.04941494386709421,-0.04941494386709421,-0.04941494386709421,0.0,0.0,0.0,5.958392359909409
2025-03-08,5.990616774369435,4.404509275317031,8.18484024143247,5.990616774369435,5.990616774369435,0.2715933442179543,0.2715933442179543,0.2715933442179543,0.2715933442179543,0.2715933442179543,0.2715933442179543,0.0,0.0,0.0,6.262210118587389
2025-03-09,5.973426244962369,3.9799012284901543,7.851936880762919,5.973426244962369,5.973426244962369,-0.022862196718380638,-0.022862196718380638,-0.022862196718380638,-0.022862196718380638,-0.022862196718380638,-0.022862196718380638,0.0,0.0,0.0,5.950564048243988
2025-03-10,5.956235715530589,4.041118083568936,7.696449669932543,5.956235715530589,5.956235715530589,-0.11288544524793186,-0.11288544524793186,-0.11288544524793186,-0.11288544524793186,-0.11288544524793186,-0.11288544524793186,0.0,0.0,0.0,5.843350270282657
2025-03-11,5.9390451860988085,3.9488848720135086,7.790486444428452,5.9390451860988085,5.9390451860988085,-0.08574930272684506,-0.08574930272684506,-0.08574930272684506,-0.08574930272684506,-0.08574930272684506,-0.08574930272684506,0.0,0.0,0.0,5.853295883371963
2025-03-12,5.921854656667028,3.785472326533353,7.7799817885000415,5.921854656667028,5.921854656667028,-0.1048361454577937,-0.1048361454577937,-0.1048361454577937,-0.1048361454577937,-0.1048361454577937,-0.1048361454577937,0.0,0.0,0.0,5.817018511209234
2025-03-13,5.904664127235248,3.930746122328806,7.921347051832323,5.904664127235248,5.904664127235248,0.10415468979985554,0.10415468979985554,0.10415468979985554,0.10415468979985554,0.10415468979985554,0.10415468979985554,0.0,0.0,0.0,6.008818817035103
2025-03-14,5.887473597803466,3.8886827732618716,7.766205767268728,5.887473597803466,5.887473597803466,-0.049414943866991995,-0.049414943866991995,-0.049414943866991995,-0.049414943866991995,-0.049414943866991995,-0.049414943866991995,0.0,0.0,0.0,5.838058653936474
2025-03-15,5.870283068371686,4.260270361768726,8.061710707367157,5.870283068371686,5.870283068371686,0.27159334421783615,0.27159334421783615,0.27159334421783615,0.27159334421783615,0.27159334421783615,0.27159334421783615,0.0,0.0,0.0,6.1418764125895215
2025-03-16,5.853092538939905,3.8783331540918304,7.745243345823762,5.853092538939905,5.853092538939905,-0.0228621967176618,-0.0228621967176618,-0.0228621967176618,-0.0228621967176618,-0.0228621967176618,-0.0228621967176618,0.0,0.0,0.0,5.830230342222244
2025-03-17,5.835902009508125,3.7419966515392646,7.682380302242552,5.835902009508125,5.835902009508125,-0.11288544524906818,-0.11288544524906818,-0.11288544524906818,-0.11288544524906818,-0.11288544524906818,-0.11288544524906818,0.0,0.0,0.0,5.723016564259057
2025-03-18,5.818711480076344,3.7687452881491295,7.69283304731723,5.818711480076344,5.818711480076344,-0.08574930272742626,-0.08574930272742626,-0.08574930272742626,-0.08574930272742626,-0.08574930272742626,-0.08574930272742626,0.0,0.0,0.0,5.732962177348918
2025-03-19,5.801520950644563,3.6682993782352584,7.687912613434823,5.801520950644563,5.801520950644563,-0.10483614545790867,-0.10483614545790867,-0.10483614545790867,-0.10483614545790867,-0.10483614545790867,-0.10483614545790867,0.0,0.0,0.0,5.6966848051866545
2025-03-20,5.784330421212783,3.9722011245716344,7.90898752764763,5.784330421212783,5.784330421212783,0.10415468980020834,0.10415468980020834,0.10415468980020834,0.10415468980020834,0.10415468980020834,0.10415468980020834,0.0,0.0,0.0,5.888485111012991
2025-03-21,5.767139891781002,3.786527092868607,7.565246637320024,5.767139891781002,5.767139891781002,-0.04941494386692696,-0.04941494386692696,-0.04941494386692696,-0.04941494386692696,-0.04941494386692696,-0.04941494386692696,0.0,0.0,0.0,5.717724947914075
2025-03-22,5.749949362349222,4.169266354933126,8.044239417909056,5.749949362349222,5.749949362349222,0.27159334421774683,0.27159334421774683,0.27159334421774683,0.27159334421774683,0.27159334421774683,0.27159334421774683,0.0,0.0,0.0,6.021542706566969
2025-03-23,5.732758832917441,3.689162696141897,7.706621233294397,5.732758832917441,5.732758832917441,-0.022862196718365573,-0.022862196718365573,-0.022862196718365573,-0.022862196718365573,-0.022862196718365573,-0.022862196718365573,0.0,0.0,0.0,5.709896636199075
2025-03-24,5.715568303485661,3.5549544435360865,7.5284499257762505,5.715568303485661,5.715568303485661,-0.11288544524847186,-0.11288544524847186,-0.11288544524847186,-0.11288544524847186,-0.11288544524847186,-0.11288544524847186,0.0,0.0,0.0,5.602682858237189
2025-03-25,5.69837777405388,3.5979164478812535,7.736258366365631,5.69837777405388,5.69837777405388,-0.08574930272715761,-0.08574930272715761,-0.08574930272715761,-0.08574930272715761,-0.08574930272715761,-0.08574930272715761,0.0,0.0,0.0,5.6126284713267225
2025-03-26,5.681187244622099,3.739600963378975,7.5919332966469835,5.681187244622099,5.681187244622099,-0.1048361454582241,-0.1048361454582241,-0.1048361454582241,-0.1048361454582241,-0.1048361454582241,-0.1048361454582241,0.0,0.0,0.0,5.576351099163875
2025-03-27,5.6639967151903186,3.755124488522704,7.610669897889855,5.6639967151903186,5.6639967151903186,0.10415468980030426,0.10415468980030426,0.10415468980030426,0.10415468980030426,0.10415468980030426,0.10415468980030426,0.0,0.0,0.0,5.768151404990623
2025-03-28,5.646806185758538,3.6800135479481657,7.650055908336349,5.646806185758538,5.646806185758538,-0.04941494386678752,-0.04941494386678752,-0.04941494386678752,-0.04941494386678752,-0.04941494386678752,-0.04941494386678752,0.0,0.0,0.0,5.59739124189175
2025-03-29,5.629615656326756,3.9154820064536655,7.776561120478572,5.629615656326756,5.629615656326756,0.2715933442180729,0.2715933442180729,0.2715933442180729,0.2715933442180729,0.2715933442180729,0.2715933442180729,0.0,0.0,0.0,5.901209000544829
2025-03-30,5.612425127100796,3.6897714820606136,7.583367493415524,5.612425127100796,5.612425127100796,-0.022862196718358038,-0.022862196718358038,-0.022862196718358038,-0.022862196718358038,-0.022862196718358038,-0.022862196718358038,0.0,0.0,0.0,5.589562930382438
2025-03-31,5.595234597874835,3.5687678179794773,7.344201102051176,5.595234597874835,5.595234597874835,-0.11288544524834102,-0.11288544524834102,-0.11288544524834102,-0.11288544524834102,-0.11288544524834102,-0.11288544524834102,0.0,0.0,0.0,5.482349152626494
2025-04-01,5.5780440686488735,3.728213815827327,7.340799025701372,5.5780440686488735,5.5780440686488735,-0.08574930272773879,-0.08574930272773879,-0.08574930272773879,-0.08574930272773879,-0.08574930272773879,-0.08574930272773879,0.0,0.0,0.0,5.492294765921135
2025-04-02,5.560853539422913,3.468440555814219,7.437001932458594,5.560853539422913,5.560853539422913,-0.1048361454583391,-0.1048361454583391,-0.1048361454583391,-0.1048361454583391,-0.1048361454583391,-0.1048361454583391,0.0,0.0,0.0,5.456017393964574
2025-04-03,5.543663010196951,3.8399867779874164,7.6745041798732245,5.543663010196951,5.543663010196951,0.10415468980040016,0.10415468980040016,0.10415468980040016,0.10415468980040016,0.10415468980040016,0.10415468980040016,0.0,0.0,0.0,5.6478176999973515
2025-04-04,5.526472480970991,3.4948209504317997,7.486540675187815,5.526472480970991,5.526472480970991,-0.049414943866722454,-0.049414943866722454,-0.049414943866722454,-0.049414943866722454,-0.049414943866722454,-0.049414943866722454,0.0,0.0,0.0,5.477057537104269
2025-04-05,5.50928195174503,3.8281764847408812,7.765870275695649,5.50928195174503,5.50928195174503,0.27159334421798353,0.27159334421798353,0.27159334421798353,0.27159334421798353,0.27159334421798353,0.27159334421798353,0.0,0.0,0.0,5.780875295963013
2025-04-08,5.457710364067147,3.362230226908511,7.1859143528180605,5.457710364067147,5.457710364067147,-0.08574930272662037,-0.08574930272662037,-0.08574930272662037,-0.08574930272662037,-0.08574930272662037,-0.08574930272662037,0.0,0.0,0.0,5.371961061340526
2025-04-09,5.4405198348411865,3.505800980767055,7.380673129710423,5.4405198348411865,5.4405198348411865,-0.1048361454577891,-0.1048361454577891,-0.1048361454577891,-0.1048361454577891,-0.1048361454577891,-0.1048361454577891,0.0,0.0,0.0,5.335683689383397
2025-04-10,5.423329305615225,3.568743069552409,7.5407901669382325,5.423329305615225,5.423329305615225,0.10415468980014769,0.10415468980014769,0.10415468980014769,0.10415468980014769,0.10415468980014769,0.10415468980014769,0.0,0.0,0.0,5.527483995415373
2025-04-11,5.406138776389264,3.438891365232108,7.224862724689291,5.406138776389264,5.406138776389264,-0.04941494386713664,-0.04941494386713664,-0.04941494386713664,-0.04941494386713664,-0.04941494386713664,-0.04941494386713664,0.0,0.0,0.0,5.356723832522127
2025-04-12,5.388948247163303,3.6721474701141705,7.596600430580056,5.388948247163303,5.388948247163303,0.2715933442183096,0.2715933442183096,0.2715933442183096,0.2715933442183096,0.2715933442183096,0.2715933442183096,0.0,0.0,0.0,5.660541591381612
2025-04-13,5.371757717937342,3.366231392762776,7.190154034506788,5.371757717937342,5.371757717937342,-0.022862196717492688,-0.022862196717492688,-0.022862196717492688,-0.022862196717492688,-0.022862196717492688,-0.022862196717492688,0.0,0.0,0.0,5.348895521219849
2025-04-14,5.354567188711382,3.463921954828342,7.099561601690817,5.354567188711382,5.354567188711382,-0.11288544524888101,-0.11288544524888101,-0.11288544524888101,-0.11288544524888101,-0.11288544524888101,-0.11288544524888101,0.0,0.0,0.0,5.241681743462501
2025-04-15,5.33737665948542,3.258530152201007,7.204428113517269,5.33737665948542,5.33737665948542,-0.08574930272720152,-0.08574930272720152,-0.08574930272720152,-0.08574930272720152,-0.08574930272720152,-0.08574930272720152,0.0,0.0,0.0,5.251627356758219
2025-04-16,5.32018613025946,3.319320884609785,7.1376879639978945,5.32018613025946,5.32018613025946,-0.10483614545876947,-0.10483614545876947,-0.10483614545876947,-0.10483614545876947,-0.10483614545876947,-0.10483614545876947,0.0,0.0,0.0,5.215349984800691
2025-04-17,5.302995601033499,3.5508337652950965,7.4180234245547325,5.302995601033499,5.302995601033499,0.10415468979989526,0.10415468979989526,0.10415468979989526,0.10415468979989526,0.10415468979989526,0.10415468979989526,0.0,0.0,0.0,5.4071502908333935
2025-04-18,5.285805071807538,3.2338316021646194,7.247591525792207,5.285805071807538,5.285805071807538,-0.04941494386703442,-0.04941494386703442,-0.04941494386703442,-0.04941494386703442,-0.04941494386703442,-0.04941494386703442,0.0,0.0,0.0,5.236390127940503
2025-04-19,5.268614542581577,3.5432559822173757,7.479376377930468,5.268614542581577,5.268614542581577,0.2715933442178049,0.2715933442178049,0.2715933442178049,0.2715933442178049,0.2715933442178049,0.2715933442178049,0.0,0.0,0.0,5.540207886799382
2025-04-20,5.251424013355615,3.2387105352178076,7.141941182337581,5.251424013355615,5.251424013355615,-0.02286219671748517,-0.02286219671748517,-0.02286219671748517,-0.02286219671748517,-0.02286219671748517,-0.02286219671748517,0.0,0.0,0.0,5.2285618166381305
2025-04-21,5.234233484129657,3.122818305869265,7.086558442202891,5.234233484129657,5.234233484129657,-0.11288544524828464,-0.11288544524828464,-0.11288544524828464,-0.11288544524828464,-0.11288544524828464,-0.11288544524828464,0.0,0.0,0.0,5.121348038881372
2025-04-22,5.217042954833754,3.157107187366079,7.151697341533033,5.217042954833754,5.217042954833754,-0.0857493027273469,-0.0857493027273469,-0.0857493027273469,-0.0857493027273469,-0.0857493027273469,-0.0857493027273469,0.0,0.0,0.0,5.1312936521064065
2025-04-23,5.19985242553785,3.069943221939261,6.895126527277779,5.19985242553785,5.19985242553785,-0.10483614545821954,-0.10483614545821954,-0.10483614545821954,-0.10483614545821954,-0.10483614545821954,-0.10483614545821954,0.0,0.0,0.0,5.095016280079631
2025-04-24,5.182661896241948,3.213259054405742,7.148293226550879,5.182661896241948,5.182661896241948,0.10415468979999115,0.10415468979999115,0.10415468979999115,0.10415468979999115,0.10415468979999115,0.10415468979999115,0.0,0.0,0.0,5.2868165860419385
2025-04-25,5.165471366946045,3.1635318915996913,7.106553857325915,5.165471366946045,5.165471366946045,-0.049414943866932175,-0.049414943866932175,-0.049414943866932175,-0.049414943866932175,-0.049414943866932175,-0.049414943866932175,0.0,0.0,0.0,5.1160564230791135
2025-04-26,5.148280837650142,3.5126272374999594,7.273437826568552,5.148280837650142,5.148280837650142,0.27159334421813097,0.27159334421813097,0.27159334421813097,0.27159334421813097,0.27159334421813097,0.27159334421813097,0.0,0.0,0.0,5.4198741818682725
2025-04-27,5.131090308354239,3.278333398135018,7.018720589559374,5.131090308354239,5.131090308354239,-0.022862196716627325,-0.022862196716627325,-0.022862196716627325,-0.022862196716627325,-0.022862196716627325,-0.022862196716627325,0.0,0.0,0.0,5.1082281116376125
2025-04-28,5.113899779058336,2.964223098320616,6.775668735138598,5.113899779058336,5.113899779058336,-0.11288544524768832,-0.11288544524768832,-0.11288544524768832,-0.11288544524768832,-0.11288544524768832,-0.11288544524768832,0.0,0.0,0.0,5.001014333810648
2025-04-29,5.096709249762434,3.0530953916884385,6.909407697640693,5.096709249762434,5.096709249762434,-0.08574930272707834,-0.08574930272707834,-0.08574930272707834,-0.08574930272707834,-0.08574930272707834,-0.08574930272707834,0.0,0.0,0.0,5.010959947035356
2025-04-30,5.07951872046653,3.1673343466617467,6.872160307108904,5.07951872046653,5.07951872046653,-0.10483614545899939,-0.10483614545899939,-0.10483614545899939,-0.10483614545899939,-0.10483614545899939,-0.10483614545899939,0.0,0.0,0.0,4.974682575007531
2025-05-01,5.062328191170628,3.31550230526177,7.223891704163765,5.062328191170628,5.062328191170628,0.10415468980008705,0.10415468980008705,0.10415468980008705,0.10415468980008705,0.10415468980008705,0.10415468980008705,0.0,0.0,0.0,5.166482880970714
2025-05-02,5.045137661874724,3.03887967702791,7.04078524692649,5.045137661874724,5.045137661874724,-0.049414943866867136,-0.049414943866867136,-0.049414943866867136,-0.049414943866867136,-0.049414943866867136,-0.049414943866867136,0.0,0.0,0.0,4.995722718007857
2025-05-03,5.027947132578821,3.354103407832556,7.176897893686157,5.027947132578821,5.027947132578821,0.2715933442175974,0.2715933442175974,0.2715933442175974,0.2715933442175974,0.2715933442175974,0.2715933442175974,0.0,0.0,0.0,5.299540476796419
2025-05-04,5.0107566032829185,2.9466462893020338,6.821489395366665,5.0107566032829185,5.0107566032829185,-0.02286219671733109,-0.02286219671733109,-0.02286219671733109,-0.02286219671733109,-0.02286219671733109,-0.02286219671733109,0.0,0.0,0.0,4.987894406565587
2025-05-05,4.993566073987016,2.912692417158988,6.802920995379086,4.993566073987016,4.993566073987016,-0.11288544524795831,-0.11288544524795831,-0.11288544524795831,-0.11288544524795831,-0.11288544524795831,-0.11288544524795831,0.0,0.0,0.0,4.880680628739058
2025-05-06,4.976375544691113,3.0051615006523456,6.789947570134947,4.976375544691113,4.976375544691113,-0.08574930272680971,-0.08574930272680971,-0.08574930272680971,-0.08574930272680971,-0.08574930272680971,-0.08574930272680971,0.0,0.0,0.0,4.890626241964303
2025-05-07,4.95918501539521,2.8431904265495977,6.760843291049221,4.95918501539521,4.95918501539521,-0.10483614545844944,-0.10483614545844944,-0.10483614545844944,-0.10483614545844944,-0.10483614545844944,-0.10483614545844944,0.0,0.0,0.0,4.854348869936761
2025-05-08,4.941994486099307,3.0609646946577165,6.964052523340351,4.941994486099307,4.941994486099307,0.10415468980009152,0.10415468980009152,0.10415468980009152,0.10415468980009152,0.10415468980009152,0.10415468980009152,0.0,0.0,0.0,5.046149175899398
2025-05-09,4.924803956803404,2.950205770268965,6.980018457799588,4.924803956803404,4.924803956803404,-0.049414943866802126,-0.049414943866802126,-0.049414943866802126,-0.049414943866802126,-0.049414943866802126,-0.049414943866802126,0.0,0.0,0.0,4.875389012936602
2025-05-10,4.907613427507501,3.1657186708314664,7.044618763684078,4.907613427507501,4.907613427507501,0.2715933442179235,0.2715933442179235,0.2715933442179235,0.2715933442179235,0.2715933442179235,0.2715933442179235,0.0,0.0,0.0,5.179206771725425
2025-05-11,4.890422898211598,2.856435230276321,6.650091129478064,4.890422898211598,4.890422898211598,-0.02286219671661226,-0.02286219671661226,-0.02286219671661226,-0.02286219671661226,-0.02286219671661226,-0.02286219671661226,0.0,0.0,0.0,4.867560701494986
2025-05-12,4.873183766803669,2.692759546627127,6.752592910705834,4.873183766803669,4.873183766803669,-0.11288544524822833,-0.11288544524822833,-0.11288544524822833,-0.11288544524822833,-0.11288544524822833,-0.11288544524822833,0.0,0.0,0.0,4.760298321555441
2025-05-13,4.855944635395741,2.837123632091615,6.886028068556837,4.855944635395741,4.855944635395741,-0.08574930272739086,-0.08574930272739086,-0.08574930272739086,-0.08574930272739086,-0.08574930272739086,-0.08574930272739086,0.0,0.0,0.0,4.770195332668351
2025-05-14,4.838705503987812,2.7715428794979506,6.645585788294946,4.838705503987812,4.838705503987812,-0.1048361454585644,-0.1048361454585644,-0.1048361454585644,-0.1048361454585644,-0.1048361454585644,-0.1048361454585644,0.0,0.0,0.0,4.733869358529248
2025-05-15,4.821466372579884,2.901971220042784,6.95193871107807,4.821466372579884,4.821466372579884,0.10415468979983906,0.10415468979983906,0.10415468979983906,0.10415468979983906,0.10415468979983906,0.10415468979983906,0.0,0.0,0.0,4.925621062379723
2025-05-16,4.804227241171956,2.776648319960691,6.724751181869764,4.804227241171956,4.804227241171956,-0.0494149438666999,-0.0494149438666999,-0.0494149438666999,-0.0494149438666999,-0.0494149438666999,-0.0494149438666999,0.0,0.0,0.0,4.754812297305256
2025-05-17,4.786988109764028,2.9362202291112296,6.965006964455082,4.786988109764028,4.786988109764028,0.2715933442178342,0.2715933442178342,0.2715933442178342,0.2715933442178342,0.2715933442178342,0.2715933442178342,0.0,0.0,0.0,5.058581453981862
2025-05-18,4.7697489783561,2.677114515239118,6.748820646575661,4.7697489783561,4.7697489783561,-0.02286219671731603,-0.02286219671731603,-0.02286219671731603,-0.02286219671731603,-0.02286219671731603,-0.02286219671731603,0.0,0.0,0.0,4.746886781638784
2025-05-19,4.752509846948172,2.6710932448828943,6.411008037825765,4.752509846948172,4.752509846948172,-0.11288544524809746,-0.11288544524809746,-0.11288544524809746,-0.11288544524809746,-0.11288544524809746,-0.11288544524809746,0.0,0.0,0.0,4.6396244017000745
2025-05-20,4.735270715540243,2.551773462747997,6.6374799085066645,4.735270715540243,4.735270715540243,-0.08574930272668646,-0.08574930272668646,-0.08574930272668646,-0.08574930272668646,-0.08574930272668646,-0.08574930272668646,0.0,0.0,0.0,4.649521412813557
2025-05-21,4.718031584132315,2.529614356794029,6.348903860563639,4.718031584132315,4.718031584132315,-0.10483614545801444,-0.10483614545801444,-0.10483614545801444,-0.10483614545801444,-0.10483614545801444,-0.10483614545801444,0.0,0.0,0.0,4.613195438674301
2025-05-22,4.700792452724386,2.9862089771267235,6.924996003943764,4.700792452724386,4.700792452724386,0.10415468980028332,0.10415468980028332,0.10415468980028332,0.10415468980028332,0.10415468980028332,0.10415468980028332,0.0,0.0,0.0,4.804947142524669
2025-05-23,4.683553321316459,2.6676613644046507,6.510921066912709,4.683553321316459,4.683553321316459,-0.049414943866597644,-0.049414943866597644,-0.049414943866597644,-0.049414943866597644,-0.049414943866597644,-0.049414943866597644,0.0,0.0,0.0,4.634138377449861
2025-05-24,4.6663141899085305,3.0403238575582328,6.772377755445074,4.6663141899085305,4.6663141899085305,0.271593344217716,0.271593344217716,0.271593344217716,0.271593344217716,0.271593344217716,0.271593344217716,0.0,0.0,0.0,4.937907534126246
2025-05-25,4.6490750585006015,2.714208675358297,6.5840493806951415,4.6490750585006015,4.6490750585006015,-0.022862196717308512,-0.022862196717308512,-0.022862196717308512,-0.022862196717308512,-0.022862196717308512,-0.022862196717308512,0.0,0.0,0.0,4.626212861783293
2025-05-26,4.631835927092674,2.605227786667098,6.398338294974535,4.631835927092674,4.631835927092674,-0.11288544524750112,-0.11288544524750112,-0.11288544524750112,-0.11288544524750112,-0.11288544524750112,-0.11288544524750112,0.0,0.0,0.0,4.518950481845173
2025-05-27,4.614596795684745,2.5013977541072645,6.379314878769726,4.614596795684745,4.614596795684745,-0.08574930272726765,-0.08574930272726765,-0.08574930272726765,-0.08574930272726765,-0.08574930272726765,-0.08574930272726765,0.0,0.0,0.0,4.528847492957477
2025-05-28,4.597357664276817,2.558008441094463,6.428863136465285,4.597357664276817,4.597357664276817,-0.1048361454581294,-0.1048361454581294,-0.1048361454581294,-0.1048361454581294,-0.1048361454581294,-0.1048361454581294,0.0,0.0,0.0,4.4925215188186876
2025-05-29,4.580118532868889,2.7930838124632014,6.729222004148886,4.580118532868889,4.580118532868889,0.10415468980003087,0.10415468980003087,0.10415468980003087,0.10415468980003087,0.10415468980003087,0.10415468980003087,0.0,0.0,0.0,4.68427322266892
2025-05-30,4.56287940146096,2.5777745680119515,6.508573615168081,4.56287940146096,4.56287940146096,-0.049414943866974606,-0.049414943866974606,-0.049414943866974606,-0.049414943866974606,-0.049414943866974606,-0.049414943866974606,0.0,0.0,0.0,4.513464457593986
2025-05-31,4.545640270053032,2.9482615623676036,6.756879934070844,4.545640270053032,4.545640270053032,0.27159334421762676,0.27159334421762676,0.27159334421762676,0.27159334421762676,0.27159334421762676,0.27159334421762676,0.0,0.0,0.0,4.817233614270659
2025-06-01,4.527408489024851,2.3466791029817458,6.434972305246985,4.527408489024851,4.527408489024851,-0.022862196718012297,-0.022862196718012297,-0.022862196718012297,-0.022862196718012297,-0.022862196718012297,-0.022862196718012297,0.0,0.0,0.0,4.504546292306839
2025-06-02,4.509176707996669,2.564252328217812,6.278948435311572,4.509176707996669,4.509176707996669,-0.11288544524863747,-0.11288544524863747,-0.11288544524863747,-0.11288544524863747,-0.11288544524863747,-0.11288544524863747,0.0,0.0,0.0,4.396291262748032
2025-06-03,4.490944926968488,2.4989551444284066,6.351067828254168,4.490944926968488,4.490944926968488,-0.08574930272614922,-0.08574930272614922,-0.08574930272614922,-0.08574930272614922,-0.08574930272614922,-0.08574930272614922,0.0,0.0,0.0,4.405195624242339
2025-06-04,4.472713145940307,2.4643686496706123,6.374764440128326,4.472713145940307,4.472713145940307,-0.10483614545844483,-0.10483614545844483,-0.10483614545844483,-0.10483614545844483,-0.10483614545844483,-0.10483614545844483,0.0,0.0,0.0,4.367877000481862
2025-06-05,4.454481364912125,2.6248282377216556,6.574321394134377,4.454481364912125,4.454481364912125,0.10415468980012677,0.10415468980012677,0.10415468980012677,0.10415468980012677,0.10415468980012677,0.10415468980012677,0.0,0.0,0.0,4.5586360547122515
2025-06-06,4.436249583883943,2.4040899645156766,6.199452027311365,4.436249583883943,4.436249583883943,-0.04941494386690959,-0.04941494386690959,-0.04941494386690959,-0.04941494386690959,-0.04941494386690959,-0.04941494386690959,0.0,0.0,0.0,4.3868346400170335
2025-06-07,4.418017802855762,2.7477588378127846,6.681608114135513,4.418017802855762,4.418017802855762,0.2715933442179528,0.2715933442179528,0.2715933442179528,0.2715933442179528,0.2715933442179528,0.2715933442179528,0.0,0.0,0.0,4.689611147073715
2025-06-08,4.39978602182758,2.409354897383551,6.3741927023176475,4.39978602182758,4.39978602182758,-0.022862196718004754,-0.022862196718004754,-0.022862196718004754,-0.022862196718004754,-0.022862196718004754,-0.022862196718004754,0.0,0.0,0.0,4.376923825109576
2025-06-09,4.3815542407993995,2.2361417780588275,6.007823081637777,4.3815542407993995,4.3815542407993995,-0.1128854452480411,-0.1128854452480411,-0.1128854452480411,-0.1128854452480411,-0.1128854452480411,-0.1128854452480411,0.0,0.0,0.0,4.268668795551358
2025-06-10,4.363322459771218,2.3433094448972214,6.22268843061647,4.363322459771218,4.363322459771218,-0.08574930272673041,-0.08574930272673041,-0.08574930272673041,-0.08574930272673041,-0.08574930272673041,-0.08574930272673041,0.0,0.0,0.0,4.277573157044487
2025-06-11,4.345090678743036,2.13725998778903,6.289329908078243,4.345090678743036,4.345090678743036,-0.10483614545855982,-0.10483614545855982,-0.10483614545855982,-0.10483614545855982,-0.10483614545855982,-0.10483614545855982,0.0,0.0,0.0,4.240254533284476
2025-06-12,4.326858897714855,2.4028522553675287,6.375456893418434,4.326858897714855,4.326858897714855,0.10415468979987431,0.10415468979987431,0.10415468979987431,0.10415468979987431,0.10415468979987431,0.10415468979987431,0.0,0.0,0.0,4.431013587514729
2025-06-13,4.308627116686674,2.3194126987723984,6.302927915384673,4.308627116686674,4.308627116686674,-0.049414943866807344,-0.049414943866807344,-0.049414943866807344,-0.049414943866807344,-0.049414943866807344,-0.049414943866807344,0.0,0.0,0.0,4.259212172819867
2025-06-14,4.290395335658492,2.628255394150335,6.581160264052822,4.290395335658492,4.290395335658492,0.2715933442174481,0.2715933442174481,0.2715933442174481,0.2715933442174481,0.2715933442174481,0.2715933442174481,0.0,0.0,0.0,4.56198867987594
2025-06-15,4.2721635546303105,2.314070652879888,6.024447856162742,4.2721635546303105,4.2721635546303105,-0.02286219671714692,-0.02286219671714692,-0.02286219671714692,-0.02286219671714692,-0.02286219671714692,-0.02286219671714692,0.0,0.0,0.0,4.249301357913164
2025-06-16,4.25393177360213,2.3307140182599704,6.1243577482347895,4.25393177360213,4.25393177360213,-0.11288544524877658,-0.11288544524877658,-0.11288544524877658,-0.11288544524877658,-0.11288544524877658,-0.11288544524877658,0.0,0.0,0.0,4.141046328353353
2025-06-17,4.235699992573949,2.177267823111522,6.1909550264368995,4.235699992573949,4.235699992573949,-0.08574930272731159,-0.08574930272731159,-0.08574930272731159,-0.08574930272731159,-0.08574930272731159,-0.08574930272731159,0.0,0.0,0.0,4.149950689846637
2025-06-18,4.217468211545767,2.151000851333442,6.080111855734874,4.217468211545767,4.217468211545767,-0.10483614545800984,-0.10483614545800984,-0.10483614545800984,-0.10483614545800984,-0.10483614545800984,-0.10483614545800984,0.0,0.0,0.0,4.112632066087757
2025-06-19,4.199236430517585,2.2745602539030454,6.187351138761385,4.199236430517585,4.199236430517585,0.10415468979997022,0.10415468979997022,0.10415468979997022,0.10415468979997022,0.10415468979997022,0.10415468979997022,0.0,0.0,0.0,4.303391120317555
2025-06-20,4.181004649489404,2.2191819037417897,6.1114219129608855,4.181004649489404,4.181004649489404,-0.04941494386725874,-0.04941494386725874,-0.04941494386725874,-0.04941494386725874,-0.04941494386725874,-0.04941494386725874,0.0,0.0,0.0,4.131589705622146
2025-06-21,4.159995025011855,2.497546313077277,6.5166683908987215,4.159995025011855,4.159995025011855,0.27159334421777415,0.27159334421777415,0.27159334421777415,0.27159334421777415,0.27159334421777415,0.27159334421777415,0.0,0.0,0.0,4.43158836922963
2025-06-22,4.138985400534306,2.150860644139689,6.088906578283668,4.138985400534306,4.138985400534306,-0.022862196717139384,-0.022862196717139384,-0.022862196717139384,-0.022862196717139384,-0.022862196717139384,-0.022862196717139384,0.0,0.0,0.0,4.116123203817167
2025-06-23,4.117975776056758,2.054018247265644,5.91664753822766,4.117975776056758,4.117975776056758,-0.11288544524818028,-0.11288544524818028,-0.11288544524818028,-0.11288544524818028,-0.11288544524818028,-0.11288544524818028,0.0,0.0,0.0,4.005090330808578
2025-06-24,4.096966151579209,1.9911788713058793,5.929584648203296,4.096966151579209,4.096966151579209,-0.08574930272704297,-0.08574930272704297,-0.08574930272704297,-0.08574930272704297,-0.08574930272704297,-0.08574930272704297,0.0,0.0,0.0,4.011216848852166
2025-06-25,4.075956527101662,1.9985303951248288,6.020402490938736,4.075956527101662,4.075956527101662,-0.10483614545878969,-0.10483614545878969,-0.10483614545878969,-0.10483614545878969,-0.10483614545878969,-0.10483614545878969,0.0,0.0,0.0,3.971120381642872
2025-06-26,4.0549469026241125,2.229779829728716,5.969889337808032,4.0549469026241125,4.0549469026241125,0.10415468979997468,0.10415468979997468,0.10415468979997468,0.10415468979997468,0.10415468979997468,0.10415468979997468,0.0,0.0,0.0,4.159101592424087
2025-06-27,4.033937278146563,2.1012598131582805,5.9306646176353714,4.033937278146563,4.033937278146563,-0.04941494386711929,-0.04941494386711929,-0.04941494386711929,-0.04941494386711929,-0.04941494386711929,-0.04941494386711929,0.0,0.0,0.0,3.9845223342794442
2025-06-28,4.012927653669016,2.244065975862899,6.1281851504248435,4.012927653669016,4.012927653669016,0.27159334421810016,0.27159334421810016,0.27159334421810016,0.27159334421810016,0.27159334421810016,0.27159334421810016,0.0,0.0,0.0,4.284520997887117
2025-06-29,3.991918029191467,2.026056808417825,5.845562654570349,3.991918029191467,3.991918029191467,-0.02286219671784317,-0.02286219671784317,-0.02286219671784317,-0.02286219671784317,-0.02286219671784317,-0.02286219671784317,0.0,0.0,0.0,3.969055832473624
2025-06-30,3.970908404713918,1.80028887424947,5.733795640249271,3.970908404713918,3.970908404713918,-0.11288544524845025,-0.11288544524845025,-0.11288544524845025,-0.11288544524845025,-0.11288544524845025,-0.11288544524845025,0.0,0.0,0.0,3.8580229594654676
2025-07-01,3.9498987802363694,1.7636521138100847,5.74069495124801,3.9498987802363694,3.9498987802363694,-0.08574930272803809,-0.08574930272803809,-0.08574930272803809,-0.08574930272803809,-0.08574930272803809,-0.08574930272803809,0.0,0.0,0.0,3.8641494775083314
2025-07-02,3.928889155758822,2.036938478030754,5.729106574510091,3.928889155758822,3.928889155758822,-0.10483614545823976,-0.10483614545823976,-0.10483614545823976,-0.10483614545823976,-0.10483614545823976,-0.10483614545823976,0.0,0.0,0.0,3.8240530103005823
2025-07-03,3.907879531281273,1.9643041258510012,6.022097763255927,3.907879531281273,3.907879531281273,0.10415468980041893,0.10415468980041893,0.10415468980041893,0.10415468980041893,0.10415468980041893,0.10415468980041893,0.0,0.0,0.0,4.012034221081692
2025-07-04,3.8868699068037245,1.873379928289534,5.7078763810034,3.8868699068037245,3.8868699068037245,-0.04941494386705428,-0.04941494386705428,-0.04941494386705428,-0.04941494386705428,-0.04941494386705428,-0.04941494386705428,0.0,0.0,0.0,3.83745496293667
2025-07-05,3.8658602823261754,2.132267753285052,6.181904715013604,3.8658602823261754,3.8658602823261754,0.27159334421801085,0.27159334421801085,0.27159334421801085,0.27159334421801085,0.27159334421801085,0.27159334421801085,0.0,0.0,0.0,4.137453626544186
2025-07-06,3.8448506578486272,1.8886338830079683,5.643576016403777,3.8448506578486272,3.8448506578486272,-0.02286219671712434,-0.02286219671712434,-0.02286219671712434,-0.02286219671712434,-0.02286219671712434,-0.02286219671712434,0.0,0.0,0.0,3.821988461131503
2025-07-07,3.8238410333710786,1.845954420080827,5.632500707111417,3.8238410333710786,3.8238410333710786,-0.11288544524872024,-0.11288544524872024,-0.11288544524872024,-0.11288544524872024,-0.11288544524872024,-0.11288544524872024,0.0,0.0,0.0,3.710955588122358
2025-07-08,3.80283140889353,1.766901211973573,5.594753397001571,3.80283140889353,3.80283140889353,-0.08574930272691973,-0.08574930272691973,-0.08574930272691973,-0.08574930272691973,-0.08574930272691973,-0.08574930272691973,0.0,0.0,0.0,3.71708210616661
2025-07-09,3.7818217844159827,1.8150202907555995,5.514823323560062,3.7818217844159827,3.7818217844159827,-0.1048361454576898,-0.1048361454576898,-0.1048361454576898,-0.1048361454576898,-0.1048361454576898,-0.1048361454576898,0.0,0.0,0.0,3.676985638958293
2025-07-10,3.7608121599384345,2.0307677821585144,5.6934687688741255,3.7608121599384345,3.7608121599384345,0.1041546898001665,0.1041546898001665,0.1041546898001665,0.1041546898001665,0.1041546898001665,0.1041546898001665,0.0,0.0,0.0,3.864966849738601
2025-07-11,3.735980649764683,1.805044367344648,5.556546577697917,3.735980649764683,3.735980649764683,-0.04941494386695202,-0.04941494386695202,-0.04941494386695202,-0.04941494386695202,-0.04941494386695202,-0.04941494386695202,0.0,0.0,0.0,3.686565705897731
2025-07-12,3.7111491395909315,1.9807715990100847,6.033581160977866,3.7111491395909315,3.7111491395909315,0.2715933442183081,0.2715933442183081,0.2715933442183081,0.2715933442183081,0.2715933442183081,0.2715933442183081,0.0,0.0,0.0,3.98274248380924
2025-07-13,3.6863176294171804,1.6969684378970356,5.514223293472545,3.6863176294171804,3.6863176294171804,-0.02286219671697781,-0.02286219671697781,-0.02286219671697781,-0.02286219671697781,-0.02286219671697781,-0.02286219671697781,0.0,0.0,0.0,3.6634554327002027
2025-07-14,3.6614861192434294,1.6328347880301932,5.519902892698093,3.6614861192434294,3.6614861192434294,-0.11288544524899025,-0.11288544524899025,-0.11288544524899025,-0.11288544524899025,-0.11288544524899025,-0.11288544524899025,0.0,0.0,0.0,3.5486006739944393
2025-07-15,3.636654609069679,1.733918925854802,5.586105284388263,3.636654609069679,3.636654609069679,-0.08574930272750088,-0.08574930272750088,-0.08574930272750088,-0.08574930272750088,-0.08574930272750088,-0.08574930272750088,0.0,0.0,0.0,3.5509053063421785
2025-07-16,3.6118230988959277,1.6030122117507817,5.480793277838695,3.6118230988959277,3.6118230988959277,-0.10483614545780474,-0.10483614545780474,-0.10483614545780474,-0.10483614545780474,-0.10483614545780474,-0.10483614545780474,0.0,0.0,0.0,3.506986953438123
2025-07-17,3.586991588722177,1.774994899527234,5.583926981439598,3.586991588722177,3.586991588722177,0.10415468980017095,0.10415468980017095,0.10415468980017095,0.10415468980017095,0.10415468980017095,0.10415468980017095,0.0,0.0,0.0,3.691146278522348
2025-07-18,3.5621600785484255,1.4796707296035416,5.5499251046556095,3.5621600785484255,3.5621600785484255,-0.04941494386684979,-0.04941494386684979,-0.04941494386684979,-0.04941494386684979,-0.04941494386684979,-0.04941494386684979,0.0,0.0,0.0,3.512745134681576
2025-07-19,3.537328568374675,1.8604100169523294,5.698715883825782,3.537328568374675,3.537328568374675,0.27159334421780335,0.27159334421780335,0.27159334421780335,0.27159334421780335,0.27159334421780335,0.27159334421780335,0.0,0.0,0.0,3.8089219125924783
2025-07-20,3.512497058200923,1.5766342333072976,5.43752608380498,3.512497058200923,3.512497058200923,-0.022862196716258984,-0.022862196716258984,-0.022862196716258984,-0.022862196716258984,-0.022862196716258984,-0.022862196716258984,0.0,0.0,0.0,3.489634861484664
2025-07-21,3.4876655480271723,1.5242138878119158,5.182268016356942,3.4876655480271723,3.4876655480271723,-0.11288544524839388,-0.11288544524839388,-0.11288544524839388,-0.11288544524839388,-0.11288544524839388,-0.11288544524839388,0.0,0.0,0.0,3.3747801027787783
2025-07-22,3.4628340378534217,1.5620108132141075,5.378035066084515,3.4628340378534217,3.4628340378534217,-0.08574930272723227,-0.08574930272723227,-0.08574930272723227,-0.08574930272723227,-0.08574930272723227,-0.08574930272723227,0.0,0.0,0.0,3.3770847351261892
2025-07-23,3.438002527679671,1.524738046413882,5.111784509945709,3.438002527679671,3.438002527679671,-0.10483614545745529,-0.10483614545745529,-0.10483614545745529,-0.10483614545745529,-0.10483614545745529,-0.10483614545745529,0.0,0.0,0.0,3.333166382222216
2025-07-24,3.4131710175059196,1.4977984973950966,5.438876651725642,3.4131710175059196,3.4131710175059196,0.1041546897999185,0.1041546897999185,0.1041546897999185,0.1041546897999185,0.1041546897999185,0.1041546897999185,0.0,0.0,0.0,3.517325707305838
2025-07-25,3.388339507332168,1.229816690815756,5.274135961249441,3.388339507332168,3.388339507332168,-0.04941494386674753,-0.04941494386674753,-0.04941494386674753,-0.04941494386674753,-0.04941494386674753,-0.04941494386674753,0.0,0.0,0.0,3.3389245634654205
2025-07-26,3.3635079971584174,1.8072762468611492,5.667126393403677,3.3635079971584174,3.3635079971584174,0.2715933442181295,0.2715933442181295,0.2715933442181295,0.2715933442181295,0.2715933442181295,0.2715933442181295,0.0,0.0,0.0,3.6351013413765467
2025-07-27,3.3386764869846655,1.3383602202131895,5.356624980518837,3.3386764869846655,3.3386764869846655,-0.022862196716962758,-0.022862196716962758,-0.022862196716962758,-0.022862196716962758,-0.022862196716962758,-0.022862196716962758,0.0,0.0,0.0,3.315814290267703
2025-07-28,3.3138449768109157,1.281944507643608,5.248500194105298,3.3138449768109157,3.3138449768109157,-0.11288544524826305,-0.11288544524826305,-0.11288544524826305,-0.11288544524826305,-0.11288544524826305,-0.11288544524826305,0.0,0.0,0.0,3.2009595315626527
2025-07-29,3.289013466637164,1.1906435619783418,5.147886314024825,3.289013466637164,3.289013466637164,-0.08574930272696366,-0.08574930272696366,-0.08574930272696366,-0.08574930272696366,-0.08574930272696366,-0.08574930272696366,0.0,0.0,0.0,3.2032641639102004
2025-07-30,3.264181956463412,1.1776365905081239,5.116699613448461,3.264181956463412,3.264181956463412,-0.10483614545890008,-0.10483614545890008,-0.10483614545890008,-0.10483614545890008,-0.10483614545890008,-0.10483614545890008,0.0,0.0,0.0,3.1593458110045116
2025-07-31,3.235157040688395,1.267728364609363,5.404131651140435,3.235157040688395,3.235157040688395,0.10415468980036274,0.10415468980036274,0.10415468980036274,0.10415468980036274,0.10415468980036274,0.10415468980036274,0.0,0.0,0.0,3.339311730488758
2025-08-01,3.2061321249133785,1.307875141961202,5.091377502054773,3.2061321249133785,3.2061321249133785,-0.04941494386668251,-0.04941494386668251,-0.04941494386668251,-0.04941494386668251,-0.04941494386668251,-0.04941494386668251,0.0,0.0,0.0,3.156717181046696
2025-08-02,3.177107209138361,1.5895227809834223,5.450699741726365,3.177107209138361,3.177107209138361,0.2715933442180401,0.2715933442180401,0.2715933442180401,0.2715933442180401,0.2715933442180401,0.2715933442180401,0.0,0.0,0.0,3.4487005533564012
2025-08-03,3.1480822933633443,1.2175737328127554,5.067416683875548,3.1480822933633443,3.1480822933633443,-0.022862196717666528,-0.022862196717666528,-0.022862196717666528,-0.022862196717666528,-0.022862196717666528,-0.022862196717666528,0.0,0.0,0.0,3.125220096645678
2025-08-04,3.119057377588328,1.0443934097960215,4.96647556900938,3.119057377588328,3.119057377588328,-0.11288544524766672,-0.11288544524766672,-0.11288544524766672,-0.11288544524766672,-0.11288544524766672,-0.11288544524766672,0.0,0.0,0.0,3.0061719323406613
2025-08-05,3.090032461813311,1.1198964828196374,4.839266363982185,3.090032461813311,3.090032461813311,-0.08574930272669506,-0.08574930272669506,-0.08574930272669506,-0.08574930272669506,-0.08574930272669506,-0.08574930272669506,0.0,0.0,0.0,3.004283159086616
2025-08-06,3.0610075460382937,1.101506239759091,4.940920628609439,3.0610075460382937,3.0610075460382937,-0.10483614545835013,-0.10483614545835013,-0.10483614545835013,-0.10483614545835013,-0.10483614545835013,-0.10483614545835013,0.0,0.0,0.0,2.9561714005799438
2025-08-07,3.031982630263277,1.1848704246630597,4.964219994976618,3.031982630263277,3.031982630263277,0.1041546898001103,0.1041546898001103,0.1041546898001103,0.1041546898001103,0.1041546898001103,0.1041546898001103,0.0,0.0,0.0,3.136137320063387
2025-08-08,3.0029577144882595,0.8863697553178804,4.881478895551955,3.0029577144882595,3.0029577144882595,-0.0494149438670967,-0.0494149438670967,-0.0494149438670967,-0.0494149438670967,-0.0494149438670967,-0.0494149438670967,0.0,0.0,0.0,2.953542770621163
2025-08-09,2.9739327987132436,1.3981337920323453,5.203894446431602,2.9739327987132436,2.9739327987132436,0.2715933442179508,0.2715933442179508,0.2715933442179508,0.2715933442179508,0.2715933442179508,0.2715933442179508,0.0,0.0,0.0,3.2455261429311943
2025-08-10,2.944907882938227,0.9848740249911485,4.676089174598754,2.944907882938227,2.944907882938227,-0.022862196716947693,-0.022862196716947693,-0.022862196716947693,-0.022862196716947693,-0.022862196716947693,-0.022862196716947693,0.0,0.0,0.0,2.9220456862212796
2025-08-11,2.91588296716321,0.9794079317443412,4.670733298397315,2.91588296716321,2.91588296716321,-0.11288544524880305,-0.11288544524880305,-0.11288544524880305,-0.11288544524880305,-0.11288544524880305,-0.11288544524880305,0.0,0.0,0.0,2.8029975219144068
2025-08-12,2.886858051388193,0.8887493825010228,4.7662400565484315,2.886858051388193,2.886858051388193,-0.08574930272727621,-0.08574930272727621,-0.08574930272727621,-0.08574930272727621,-0.08574930272727621,-0.08574930272727621,0.0,0.0,0.0,2.8011087486609165
2025-08-13,2.8578331356131756,0.8192303649285969,4.760384354015963,2.8578331356131756,2.8578331356131756,-0.10483614545866557,-0.10483614545866557,-0.10483614545866557,-0.10483614545866557,-0.10483614545866557,-0.10483614545866557,0.0,0.0,0.0,2.75299699015451
2025-08-14,2.8288082198381588,1.0729843242752708,4.884569321806952,2.8288082198381588,2.8288082198381588,0.10415468979985786,0.10415468979985786,0.10415468979985786,0.10415468979985786,0.10415468979985786,0.10415468979985786,0.0,0.0,0.0,2.9329629096380168
2025-08-15,2.7997833040631415,0.769760677111455,4.847168385743396,2.7997833040631415,2.7997833040631415,-0.049414943867031665,-0.049414943867031665,-0.049414943867031665,-0.049414943867031665,-0.049414943867031665,-0.049414943867031665,0.0,0.0,0.0,2.7503683601961098
2025-08-16,2.770758388288125,1.0435708189455166,5.085637858022035,2.770758388288125,2.770758388288125,0.27159334421783266,0.27159334421783266,0.27159334421783266,0.27159334421783266,0.27159334421783266,0.27159334421783266,0.0,0.0,0.0,3.0423517325059577
2025-08-17,2.741733472513109,0.8420076070867011,4.608280287525681,2.741733472513109,2.741733472513109,-0.02286219671765148,-0.02286219671765148,-0.02286219671765148,-0.02286219671765148,-0.02286219671765148,-0.02286219671765148,0.0,0.0,0.0,2.7188712757954576
2025-08-18,2.7127085567380917,0.7680998279387388,4.643254528607988,2.7127085567380917,2.7127085567380917,-0.1128854452482067,-0.1128854452482067,-0.1128854452482067,-0.1128854452482067,-0.1128854452482067,-0.1128854452482067,0.0,0.0,0.0,2.599823111489885
2025-08-19,2.683683640963075,0.5134356019722702,4.545015432079068,2.683683640963075,2.683683640963075,-0.08574930272742158,-0.08574930272742158,-0.08574930272742158,-0.08574930272742158,-0.08574930272742158,-0.08574930272742158,0.0,0.0,0.0,2.5979343382356532
2025-08-20,2.654658724906958,0.6509682166140849,4.521876536598501,2.654658724906958,2.654658724906958,-0.1048361454581156,-0.1048361454581156,-0.1048361454581156,-0.1048361454581156,-0.1048361454581156,-0.1048361454581156,0.0,0.0,0.0,2.5498225794488425
2025-08-21,2.62563380885084,0.9923790263230877,4.5510356447134885,2.62563380885084,2.62563380885084,0.10415468980030211,0.10415468980030211,0.10415468980030211,0.10415468980030211,0.10415468980030211,0.10415468980030211,0.0,0.0,0.0,2.7297884986511423
2025-08-22,2.596608892794723,0.523672234448124,4.469256114597851,2.596608892794723,2.596608892794723,-0.049414943866892214,-0.049414943866892214,-0.049414943866892214,-0.049414943866892214,-0.049414943866892214,-0.049414943866892214,0.0,0.0,0.0,2.5471939489278306
2025-08-23,2.567583976738606,0.9609854574013034,4.682143741078625,2.567583976738606,2.567583976738606,0.27159334421774334,0.27159334421774334,0.27159334421774334,0.27159334421774334,0.27159334421774334,0.27159334421774334,0.0,0.0,0.0,2.8391773209563493
2025-08-24,2.5385590606824895,0.631249059872598,4.439906278815838,2.5385590606824895,2.5385590606824895,-0.02286219671679363,-0.02286219671679363,-0.02286219671679363,-0.02286219671679363,-0.02286219671679363,-0.02286219671679363,0.0,0.0,0.0,2.515696863965696
2025-08-25,2.5095341446263717,0.3723288471108358,4.286006003954702,2.5095341446263717,2.5095341446263717,-0.11288544524761036,-0.11288544524761036,-0.11288544524761036,-0.11288544524761036,-0.11288544524761036,-0.11288544524761036,0.0,0.0,0.0,2.3966486993787615
2025-08-26,2.480509228570255,0.5098788787027311,4.404412836247569,2.480509228570255,2.480509228570255,-0.08574930272715298,-0.08574930272715298,-0.08574930272715298,-0.08574930272715298,-0.08574930272715298,-0.08574930272715298,0.0,0.0,0.0,2.394759925843102
2025-08-27,2.4514843125141375,0.4060231489871564,4.341126222322681,2.4514843125141375,2.4514843125141375,-0.10483614545823057,-0.10483614545823057,-0.10483614545823057,-0.10483614545823057,-0.10483614545823057,-0.10483614545823057,0.0,0.0,0.0,2.346648167055907
2025-08-28,2.4224593964580197,0.475818943676567,4.678083924487823,2.4224593964580197,2.4224593964580197,0.10415468980004966,0.10415468980004966,0.10415468980004966,0.10415468980004966,0.10415468980004966,0.10415468980004966,0.0,0.0,0.0,2.5266140862580695
2025-08-29,2.393434480401903,0.46951199176826375,4.346792648880106,2.393434480401903,2.393434480401903,-0.049414943866827196,-0.049414943866827196,-0.049414943866827196,-0.049414943866827196,-0.049414943866827196,-0.049414943866827196,0.0,0.0,0.0,2.344019536535076
2025-08-30,2.3644095643457863,0.8240310677031634,4.7006383365717825,2.3644095643457863,2.3644095643457863,0.271593344217654,0.271593344217654,0.271593344217654,0.271593344217654,0.271593344217654,0.271593344217654,0.0,0.0,0.0,2.6360029085634404
2025-08-31,2.3353846482896685,0.33190348707022843,4.209956611028147,2.3353846482896685,2.3353846482896685,-0.022862196717497417,-0.022862196717497417,-0.022862196717497417,-0.022862196717497417,-0.022862196717497417,-0.022862196717497417,0.0,0.0,0.0,2.312522451572171
2025-09-01,2.3063597322335516,0.1303832607053299,3.9151454459042525,2.3063597322335516,2.3063597322335516,-0.11288544524874669,-0.11288544524874669,-0.11288544524874669,-0.11288544524874669,-0.11288544524874669,-0.11288544524874669,0.0,0.0,0.0,2.193474286984805
2025-09-02,2.2773348161774343,0.3143468959014616,4.212014750660759,2.2773348161774343,2.2773348161774343,-0.08574930272603459,-0.08574930272603459,-0.08574930272603459,-0.08574930272603459,-0.08574930272603459,-0.08574930272603459,0.0,0.0,0.0,2.1915855134513995
2025-09-03,2.248309900121317,0.15216968441716155,4.048172048745211,2.248309900121317,2.248309900121317,-0.10483614545834552,-0.10483614545834552,-0.10483614545834552,-0.10483614545834552,-0.10483614545834552,-0.10483614545834552,0.0,0.0,0.0,2.1434737546629714
2025-09-04,2.2192849840652,0.4301773645956143,4.159411929481245,2.2192849840652,2.2192849840652,0.10415468980005411,0.10415468980005411,0.10415468980005411,0.10415468980005411,0.10415468980005411,0.10415468980005411,0.0,0.0,0.0,2.3234396738652543
2025-09-05,2.1902600680090822,0.12990902987625483,4.16541616927498,2.1902600680090822,2.1902600680090822,-0.04941494386676215,-0.04941494386676215,-0.04941494386676215,-0.04941494386676215,-0.04941494386676215,-0.04941494386676215,0.0,0.0,0.0,2.14084512414232
2025-09-06,2.1612351519529653,0.3917181152440469,4.247627735326424,2.1612351519529653,2.1612351519529653,0.2715933442179801,0.2715933442179801,0.2715933442179801,0.2715933442179801,0.2715933442179801,0.2715933442179801,0.0,0.0,0.0,2.4328284961709454
2025-09-07,2.132210235896848,0.1063765933221271,4.107941176840731,2.132210235896848,2.132210235896848,-0.022862196717489874,-0.022862196717489874,-0.022862196717489874,-0.022862196717489874,-0.022862196717489874,-0.022862196717489874,0.0,0.0,0.0,2.109348039179358
2025-09-08,2.103185319840732,0.21277220590502738,3.9635196177363956,2.103185319840732,2.103185319840732,-0.11288544524815033,-0.11288544524815033,-0.11288544524815033,-0.11288544524815033,-0.11288544524815033,-0.11288544524815033,0.0,0.0,0.0,1.9902998745925817
2025-09-09,2.0741604038261285,-0.038645816306566765,3.9306887030059787,2.0741604038261285,2.0741604038261285,-0.08574930272702973,-0.08574930272702973,-0.08574930272702973,-0.08574930272702973,-0.08574930272702973,-0.08574930272702973,0.0,0.0,0.0,1.9884111010990988
2025-09-10,2.0451354878115264,-0.10754983676746688,3.771950974823235,2.0451354878115264,2.0451354878115264,-0.10483614545846047,-0.10483614545846047,-0.10483614545846047,-0.10483614545846047,-0.10483614545846047,-0.10483614545846047,0.0,0.0,0.0,1.940299342353066
2025-09-11,2.0161105717969248,0.11506883395774954,4.225373814092913,2.0161105717969248,2.0161105717969248,0.10415468979980168,0.10415468979980168,0.10415468979980168,0.10415468979980168,0.10415468979980168,0.10415468979980168,0.0,0.0,0.0,2.1202652615967263
2025-09-12,1.9870856557823229,0.09052684934129131,3.939383383192527,1.9870856557823229,1.9870856557823229,-0.04941494386713917,-0.04941494386713917,-0.04941494386713917,-0.04941494386713917,-0.04941494386713917,-0.04941494386713917,0.0,0.0,0.0,1.9376707119151837
2025-09-13,1.958060739767721,0.30605373491633575,4.282992517523925,1.958060739767721,1.958060739767721,0.2715933442174753,0.2715933442174753,0.2715933442174753,0.2715933442174753,0.2715933442174753,0.2715933442174753,0.0,0.0,0.0,2.229654083985196
2025-09-14,1.9290358237531176,-0.08617861988832691,3.769956625021088,1.9290358237531176,1.9290358237531176,-0.022862196717482353,-0.022862196717482353,-0.022862196717482353,-0.022862196717482353,-0.022862196717482353,-0.022862196717482353,0.0,0.0,0.0,1.9061736270356353
2025-09-15,1.9000109077385157,-0.08316760692553717,3.7384612348457607,1.9000109077385157,1.9000109077385157,-0.11288544524801951,-0.11288544524801951,-0.11288544524801951,-0.11288544524801951,-0.11288544524801951,-0.11288544524801951,0.0,0.0,0.0,1.7871254624904962
2025-09-16,1.8709859917239122,-0.20104818763065851,3.6728369324910375,1.8709859917239122,1.8709859917239122,-0.0857493027267611,-0.0857493027267611,-0.0857493027267611,-0.0857493027267611,-0.0857493027267611,-0.0857493027267611,0.0,0.0,0.0,1.7852366889971512
2025-09-17,1.8419610757093103,-0.21274060244077841,3.7020868417584905,1.8419610757093103,1.8419610757093103,-0.10483614545791053,-0.10483614545791053,-0.10483614545791053,-0.10483614545791053,-0.10483614545791053,-0.10483614545791053,0.0,0.0,0.0,1.7371249302513998
2025-09-18,1.8129361596947084,-0.117883307138625,3.729685678132655,1.8129361596947084,1.8129361596947084,0.10415468979989759,0.10415468979989759,0.10415468979989759,0.10415468979989759,0.10415468979989759,0.10415468979989759,0.0,0.0,0.0,1.917090849494606
2025-09-19,1.7839112436801066,-0.09494819686414793,3.612366681356406,1.7839112436801066,1.7839112436801066,-0.049414943867074096,-0.049414943867074096,-0.049414943867074096,-0.049414943867074096,-0.049414943867074096,-0.049414943867074096,0.0,0.0,0.0,1.7344962998130324
2025-09-20,1.7548863276655047,0.11483360738427968,4.0068162463351955,1.7548863276655047,1.7548863276655047,0.2715933442177726,0.2715933442177726,0.2715933442177726,0.2715933442177726,0.2715933442177726,0.2715933442177726,0.0,0.0,0.0,2.026479671883277
2025-09-21,1.7258614116509012,-0.16509909196729178,3.5256439461710323,1.7258614116509012,1.7258614116509012,-0.022862196717474838,-0.022862196717474838,-0.022862196717474838,-0.022862196717474838,-0.022862196717474838,-0.022862196717474838,0.0,0.0,0.0,1.7029992149334263
2025-09-22,1.6968364956362993,-0.5644703688996349,3.737434292140192,1.6968364956362993,1.6968364956362993,-0.1128854452474232,-0.1128854452474232,-0.1128854452474232,-0.1128854452474232,-0.1128854452474232,-0.1128854452474232,0.0,0.0,0.0,1.583951050388876
2025-09-23,1.667811579621696,-0.3908058559279182,3.527887242192963,1.667811579621696,1.667811579621696,-0.08574930272734228,-0.08574930272734228,-0.08574930272734228,-0.08574930272734228,-0.08574930272734228,-0.08574930272734228,0.0,0.0,0.0,1.5820622768943535
2025-09-24,1.638786663607094,-0.6027340131580851,3.5931210244019143,1.638786663607094,1.638786663607094,-0.1048361454586904,-0.1048361454586904,-0.1048361454586904,-0.1048361454586904,-0.1048361454586904,-0.1048361454586904,0.0,0.0,0.0,1.5339505181484037
2025-09-25,1.6097617475924921,-0.3000199586144415,3.6614325368173373,1.6097617475924921,1.6097617475924921,0.10415468979999348,0.10415468979999348,0.10415468979999348,0.10415468979999348,0.10415468979999348,0.10415468979999348,0.0,0.0,0.0,1.7139164373924856
2025-09-26,1.5807368315778902,-0.26966960323325395,3.469506359988083,1.5807368315778902,1.5807368315778902,-0.04941494386693468,-0.04941494386693468,-0.04941494386693468,-0.04941494386693468,-0.04941494386693468,-0.04941494386693468,0.0,0.0,0.0,1.5313218877109556
2025-09-27,1.5517119155632884,-0.023912258808817786,3.9019701852317947,1.5517119155632884,1.5517119155632884,0.2715933442176832,0.2715933442176832,0.2715933442176832,0.2715933442176832,0.2715933442176832,0.2715933442176832,0.0,0.0,0.0,1.8233052597809716
2025-09-28,1.522686999548685,-0.5487972423548725,3.4333710478555157,1.522686999548685,1.522686999548685,-0.02286219671817861,-0.02286219671817861,-0.02286219671817861,-0.02286219671817861,-0.02286219671817861,-0.02286219671817861,0.0,0.0,0.0,1.4998248028305063
2025-09-29,1.493662083534083,-0.5277244220746442,3.2036459406183204,1.493662083534083,1.493662083534083,-0.11288544524855948,-0.11288544524855948,-0.11288544524855948,-0.11288544524855948,-0.11288544524855948,-0.11288544524855948,0.0,0.0,0.0,1.3807766382855235
2025-09-30,1.4658460208232789,-0.46877250878106724,3.335235978207211,1.4658460208232789,1.4658460208232789,-0.08574930272792347,-0.08574930272792347,-0.08574930272792347,-0.08574930272792347,-0.08574930272792347,-0.08574930272792347,0.0,0.0,0.0,1.3800967180953554
2025-10-01,1.4380299581124731,-0.7318026539414828,3.139921613403479,1.4380299581124731,1.4380299581124731,-0.10483614545834094,-0.10483614545834094,-0.10483614545834094,-0.10483614545834094,-0.10483614545834094,-0.10483614545834094,0.0,0.0,0.0,1.3331938126541323
2025-10-02,1.410213895401669,-0.5259540329327764,3.4861283519966393,1.410213895401669,1.410213895401669,0.10415468980008938,0.10415468980008938,0.10415468980008938,0.10415468980008938,0.10415468980008938,0.10415468980008938,0.0,0.0,0.0,1.5143685852017583
2025-10-03,1.3823978326908648,-0.5982511465432884,3.433324407145954,1.3823978326908648,1.3823978326908648,-0.04941494386686963,-0.04941494386686963,-0.04941494386686963,-0.04941494386686963,-0.04941494386686963,-0.04941494386686963,0.0,0.0,0.0,1.3329828888239952
2025-10-04,1.354581769980059,-0.32698044680936844,3.5372224471360005,1.354581769980059,1.354581769980059,0.2715933442180093,0.2715933442180093,0.2715933442180093,0.2715933442180093,0.2715933442180093,0.2715933442180093,0.0,0.0,0.0,1.6261751141980683
2025-10-05,1.326765707269255,-0.6596243301373956,3.3395611310571245,1.326765707269255,1.326765707269255,-0.02286219671745976,-0.02286219671745976,-0.02286219671745976,-0.02286219671745976,-0.02286219671745976,-0.02286219671745976,0.0,0.0,0.0,1.303903510551795
2025-10-06,1.2989496445584492,-0.6768321426482667,3.144777068748156,1.2989496445584492,1.2989496445584492,-0.11288544524842864,-0.11288544524842864,-0.11288544524842864,-0.11288544524842864,-0.11288544524842864,-0.11288544524842864,0.0,0.0,0.0,1.1860641993100205
2025-10-07,1.271133581847645,-0.7323439504761499,3.1142099716646787,1.271133581847645,1.271133581847645,-0.0857493027268051,-0.0857493027268051,-0.0857493027268051,-0.0857493027268051,-0.0857493027268051,-0.0857493027268051,0.0,0.0,0.0,1.18538427912084
2025-10-08,1.2433175191368393,-0.7412225714505214,3.0321748563076434,1.2433175191368393,1.2433175191368393,-0.10483614545845589,-0.10483614545845589,-0.10483614545845589,-0.10483614545845589,-0.10483614545845589,-0.10483614545845589,0.0,0.0,0.0,1.1384813736783834
2025-10-09,1.2155014564260351,-0.667978904249484,3.15094048880461,1.2155014564260351,1.2155014564260351,0.10415468980009383,0.10415468980009383,0.10415468980009383,0.10415468980009383,0.10415468980009383,0.10415468980009383,0.0,0.0,0.0,1.319656146226129
2025-10-10,1.187685393715231,-0.8083701386671848,3.0783146141096602,1.187685393715231,1.187685393715231,-0.04941494386676738,-0.04941494386676738,-0.04941494386676738,-0.04941494386676738,-0.04941494386676738,-0.04941494386676738,0.0,0.0,0.0,1.1382704498484635
2025-10-11,1.1598693310044252,-0.5204909641891988,3.317594692693357,1.1598693310044252,1.1598693310044252,0.27159334421833536,0.27159334421833536,0.27159334421833536,0.27159334421833536,0.27159334421833536,0.27159334421833536,0.0,0.0,0.0,1.4314626752227606
2025-10-12,1.132053268293621,-0.8073255774852427,2.973271142802779,1.132053268293621,1.132053268293621,-0.022862196717313245,-0.022862196717313245,-0.022862196717313245,-0.022862196717313245,-0.022862196717313245,-0.022862196717313245,0.0,0.0,0.0,1.1091910715763078
2025-10-13,1.1042372055828154,-0.9925800454906257,2.9747181865019776,1.1042372055828154,1.1042372055828154,-0.11288544524869865,-0.11288544524869865,-0.11288544524869865,-0.11288544524869865,-0.11288544524869865,-0.11288544524869865,0.0,0.0,0.0,0.9913517603341166
2025-10-14,1.0764211428720112,-0.97269614813388,2.9314320087323553,1.0764211428720112,1.0764211428720112,-0.08574930272738625,-0.08574930272738625,-0.08574930272738625,-0.08574930272738625,-0.08574930272738625,-0.08574930272738625,0.0,0.0,0.0,0.990671840144625
2025-10-15,1.048605080161207,-0.9311873818318979,2.8187929670890317,1.048605080161207,1.048605080161207,-0.10483614545790594,-0.10483614545790594,-0.10483614545790594,-0.10483614545790594,-0.10483614545790594,-0.10483614545790594,0.0,0.0,0.0,0.943768934703301
2025-10-16,1.0207890174504013,-0.7718980881491793,3.026508631834694,1.0207890174504013,1.0207890174504013,0.10415468980018971,0.10415468980018971,0.10415468980018971,0.10415468980018971,0.10415468980018971,0.10415468980018971,0.0,0.0,0.0,1.124943707250591
2025-10-17,0.9929729547395971,-0.8381602329984917,2.939034185137144,0.9929729547395971,0.9929729547395971,-0.04941494386718161,-0.04941494386718161,-0.04941494386718161,-0.04941494386718161,-0.04941494386718161,-0.04941494386718161,0.0,0.0,0.0,0.9435580108724155
2025-10-18,0.9651568920287914,-0.6648162537820942,3.318980657933792,0.9651568920287914,0.9651568920287914,0.27159334421783066,0.27159334421783066,0.27159334421783066,0.27159334421783066,0.27159334421783066,0.27159334421783066,0.0,0.0,0.0,1.236750236246622
2025-10-19,0.9373408293179857,-0.9921064174258575,2.6367391320914417,0.9373408293179857,0.9373408293179857,-0.022862196717305702,-0.022862196717305702,-0.022862196717305702,-0.022862196717305702,-0.022862196717305702,-0.022862196717305702,0.0,0.0,0.0,0.91447863260068
2025-10-20,0.9154803121135101,-1.0194686237903567,2.8566266490326475,0.9154803121135101,0.9154803121135101,-0.1128854452481023,-0.1128854452481023,-0.1128854452481023,-0.1128854452481023,-0.1128854452481023,-0.1128854452481023,0.0,0.0,0.0,0.8025948668654078
2025-10-22,0.871759277704559,-1.2383322759419468,2.7845945658226756,0.871759277704559,0.871759277704559,-0.10483614545735599,-0.10483614545735599,-0.10483614545735599,-0.10483614545735599,-0.10483614545735599,-0.10483614545735599,0.0,0.0,0.0,0.766923132247203
2025-10-23,0.8498987605000834,-0.9984555668317805,2.7725135674214796,0.8498987605000834,0.8498987605000834,0.10415468979993729,0.10415468979993729,0.10415468979993729,0.10415468979993729,0.10415468979993729,0.10415468979993729,0.0,0.0,0.0,0.9540534503000206
2025-10-24,0.828038243295607,-1.0864136093460741,2.7426861368959314,0.828038243295607,0.828038243295607,-0.04941494386707935,-0.04941494386707935,-0.04941494386707935,-0.04941494386707935,-0.04941494386707935,-0.04941494386707935,0.0,0.0,0.0,0.7786232994285277
2025-10-25,0.8061777260911315,-1.0413202613641825,2.869997108133888,0.8061777260911315,0.8061777260911315,0.27159334421815673,0.27159334421815673,0.27159334421815673,0.27159334421815673,0.27159334421815673,0.27159334421815673,0.0,0.0,0.0,1.0777710703092882
2025-10-26,0.7843172088866559,-1.0996303595419588,2.616328912089514,0.7843172088866559,0.7843172088866559,-0.02286219671729818,-0.02286219671729818,-0.02286219671729818,-0.02286219671729818,-0.02286219671729818,-0.02286219671729818,0.0,0.0,0.0,0.7614550121693577
2025-10-27,0.7624566916821796,-1.3383877473934562,2.5753847951325435,0.7624566916821796,0.7624566916821796,-0.1128854452483723,-0.1128854452483723,-0.1128854452483723,-0.1128854452483723,-0.1128854452483723,-0.1128854452483723,0.0,0.0,0.0,0.6495712464338073
2025-10-28,0.7405961744777048,-1.3335236467065983,2.710068409088139,0.7405961744777048,0.7405961744777048,-0.085749302727263,-0.085749302727263,-0.085749302727263,-0.085749302727263,-0.085749302727263,-0.085749302727263,0.0,0.0,0.0,0.6548468717504418
2025-10-29,0.7187356572732292,-1.3611398188586448,2.4166599937732283,0.7187356572732292,0.7187356572732292,-0.10483614545813584,-0.10483614545813584,-0.10483614545813584,-0.10483614545813584,-0.10483614545813584,-0.10483614545813584,0.0,0.0,0.0,0.6138995118150934
2025-10-30,0.6968751400687528,-1.1368972224803144,2.872746182794355,0.6968751400687528,0.6968751400687528,0.10415468980038155,0.10415468980038155,0.10415468980038155,0.10415468980038155,0.10415468980038155,0.10415468980038155,0.0,0.0,0.0,0.8010298298691344
2025-10-31,0.6750146228642773,-1.3720150712028787,2.4713850175886183,0.6750146228642773,0.6750146228642773,-0.049414943867014297,-0.049414943867014297,-0.049414943867014297,-0.049414943867014297,-0.049414943867014297,-0.049414943867014297,0.0,0.0,0.0,0.625599678997263
2025-11-01,0.6531541056598017,-1.1011828032883204,2.776991281994047,0.6531541056598017,0.6531541056598017,0.2715933442180674,0.2715933442180674,0.2715933442180674,0.2715933442180674,0.2715933442180674,0.2715933442180674,0.0,0.0,0.0,0.9247474498778692
2025-11-02,0.6312935884553253,-1.2450465851628318,2.818596302489771,0.6312935884553253,0.6312935884553253,-0.022862196716440346,-0.022862196716440346,-0.022862196716440346,-0.022862196716440346,-0.022862196716440346,-0.022862196716440346,0.0,0.0,0.0,0.608431391738885
2025-11-03,0.6094330712508498,-1.5614981670979005,2.424663232001189,0.6094330712508498,0.6094330712508498,-0.11288544524777597,-0.11288544524777597,-0.11288544524777597,-0.11288544524777597,-0.11288544524777597,-0.11288544524777597,0.0,0.0,0.0,0.4965476260030738
2025-11-04,0.587572554046375,-1.569953269053959,2.4613921583213365,0.587572554046375,0.587572554046375,-0.08574930272699438,-0.08574930272699438,-0.08574930272699438,-0.08574930272699438,-0.08574930272699438,-0.08574930272699438,0.0,0.0,0.0,0.5018232513193805
2025-11-05,0.5657120368418986,-1.4395217278485215,2.496749261820553,0.5657120368418986,0.5657120368418986,-0.10483614545758589,-0.10483614545758589,-0.10483614545758589,-0.10483614545758589,-0.10483614545758589,-0.10483614545758589,0.0,0.0,0.0,0.46087589138431273
2025-11-06,0.5438515196374231,-1.1739869268036895,2.692374501022962,0.5438515196374231,0.5438515196374231,0.1041546898001291,0.1041546898001291,0.1041546898001291,0.1041546898001291,0.1041546898001291,0.1041546898001291,0.0,0.0,0.0,0.6480062094375522
2025-11-07,0.5219910024329475,-1.4058790642217907,2.2853713055671374,0.5219910024329475,0.5219910024329475,-0.049414943866912066,-0.049414943866912066,-0.049414943866912066,-0.049414943866912066,-0.049414943866912066,-0.049414943866912066,0.0,0.0,0.0,0.4725760585660354
2025-11-08,0.5001304852284711,-1.1391118450962858,2.734303694362086,0.5001304852284711,0.5001304852284711,0.2715933442179493,0.2715933442179493,0.2715933442179493,0.2715933442179493,0.2715933442179493,0.2715933442179493,0.0,0.0,0.0,0.7717238294464204
2025-11-09,0.4782699680239971,-1.4672870524592574,2.3055306343445654,0.4782699680239971,0.4782699680239971,-0.022862196716432828,-0.022862196716432828,-0.022862196716432828,-0.022862196716432828,-0.022862196716432828,-0.022862196716432828,0.0,0.0,0.0,0.4554077713075643
2025-11-10,0.46393367173724265,-1.4902401447994975,2.4387832009269195,0.46393367173724265,0.46393367173724265,-0.11288544524891227,-0.11288544524891227,-0.11288544524891227,-0.11288544524891227,-0.11288544524891227,-0.11288544524891227,0.0,0.0,0.0,0.3510482264883304
2025-11-11,0.44959737545048895,-1.5005478360562443,2.2544537539726237,0.44959737545048895,0.44959737545048895,-0.08574930272757553,-0.08574930272757553,-0.08574930272757553,-0.08574930272757553,-0.08574930272757553,-0.08574930272757553,0.0,0.0,0.0,0.3638480727229134
2025-11-12,0.43526107916373447,-1.616165122305497,2.3962610925862076,0.43526107916373447,0.43526107916373447,-0.10483614545856627,-0.10483614545856627,-0.10483614545856627,-0.10483614545856627,-0.10483614545856627,-0.10483614545856627,0.0,0.0,0.0,0.3304249337051682
2025-11-13,0.42092478287698076,-1.4351441224108594,2.607606165462957,0.42092478287698076,0.42092478287698076,0.10415468980013357,0.10415468980013357,0.10415468980013357,0.10415468980013357,0.10415468980013357,0.10415468980013357,0.0,0.0,0.0,0.5250794726771143
2025-11-14,0.4065884865902263,-1.5019743968335952,2.2719824933772066,0.4065884865902263,0.4065884865902263,-0.049414943866847014,-0.049414943866847014,-0.049414943866847014,-0.049414943866847014,-0.049414943866847014,-0.049414943866847014,0.0,0.0,0.0,0.35717354272337926
2025-11-15,0.3922521903034718,-1.2855368970656937,2.611716476412519,0.3922521903034718,0.3922521903034718,0.2715933442178599,0.2715933442178599,0.2715933442178599,0.2715933442178599,0.2715933442178599,0.2715933442178599,0.0,0.0,0.0,0.6638455345213317
2025-11-16,0.3779158940167173,-1.67331692968201,2.304342271221429,0.3779158940167173,0.3779158940167173,-0.022862196716425295,-0.022862196716425295,-0.022862196716425295,-0.022862196716425295,-0.022862196716425295,-0.022862196716425295,0.0,0.0,0.0,0.355053697300292
2025-11-17,0.3635795977299636,-1.7194777693802015,2.150076618161748,0.3635795977299636,0.3635795977299636,-0.11288544524831595,-0.11288544524831595,-0.11288544524831595,-0.11288544524831595,-0.11288544524831595,-0.11288544524831595,0.0,0.0,0.0,0.25069415248164767
2025-11-18,0.34924330144320914,-1.7319802213012383,2.2781480610158145,0.34924330144320914,0.34924330144320914,-0.08574930272730695,-0.08574930272730695,-0.08574930272730695,-0.08574930272730695,-0.08574930272730695,-0.08574930272730695,0.0,0.0,0.0,0.2634939987159022
2025-11-19,0.33490700515645544,-1.6671475696994937,2.195149800182419,0.33490700515645544,0.33490700515645544,-0.1048361454580163,-0.1048361454580163,-0.1048361454580163,-0.1048361454580163,-0.1048361454580163,-0.1048361454580163,0.0,0.0,0.0,0.23007085969843916
2025-11-20,0.32057070886970096,-1.5071233340684604,2.4516187000979217,0.32057070886970096,0.32057070886970096,0.10415468980022946,0.10415468980022946,0.10415468980022946,0.10415468980022946,0.10415468980022946,0.10415468980022946,0.0,0.0,0.0,0.4247253986699304
2025-11-21,0.3062344125829465,-1.5491278085412084,2.221818654958653,0.3062344125829465,0.3062344125829465,-0.049414943866707604,-0.049414943866707604,-0.049414943866707604,-0.049414943866707604,-0.049414943866707604,-0.049414943866707604,0.0,0.0,0.0,0.2568194687162389
2025-11-22,0.2918981162961928,-1.2938742753919181,2.507920835578689,0.2918981162961928,0.2918981162961928,0.2715933442177706,0.2715933442177706,0.2715933442177706,0.2715933442177706,0.2715933442177706,0.2715933442177706,0.0,0.0,0.0,0.5634914605139634
2025-11-23,0.2775618200094383,-1.591470508088321,2.1883500153397297,0.2775618200094383,0.2775618200094383,-0.02286219671712907,-0.02286219671712907,-0.02286219671712907,-0.02286219671712907,-0.02286219671712907,-0.02286219671712907,0.0,0.0,0.0,0.2546996232923092
2025-11-24,0.2632255237226838,-1.922828871373673,1.980974766846213,0.2632255237226838,0.2632255237226838,-0.11288544524818511,-0.11288544524818511,-0.11288544524818511,-0.11288544524818511,-0.11288544524818511,-0.11288544524818511,0.0,0.0,0.0,0.1503400784744987
2025-11-25,0.24888922743592934,-1.7611759862753957,2.0936851278982807,0.24888922743592934,0.24888922743592934,-0.0857493027278881,-0.0857493027278881,-0.0857493027278881,-0.0857493027278881,-0.0857493027278881,-0.0857493027278881,0.0,0.0,0.0,0.16313992470804123
2025-11-26,0.23455293114917564,-1.8139094463101562,2.119241470549984,0.23455293114917564,0.23455293114917564,-0.10483614545813125,-0.10483614545813125,-0.10483614545813125,-0.10483614545813125,-0.10483614545813125,-0.10483614545813125,0.0,0.0,0.0,0.1297167856910444
2025-11-27,0.22021663486242193,-1.5575715874309954,2.21615003762323,0.22021663486242193,0.22021663486242193,0.10415468980032536,0.10415468980032536,0.10415468980032536,0.10415468980032536,0.10415468980032536,0.10415468980032536,0.0,0.0,0.0,0.3243713246627473
2025-11-28,0.20588033857566745,-1.8574185560646168,2.0507228223289524,0.20588033857566745,0.20588033857566745,-0.04941494386664255,-0.04941494386664255,-0.04941494386664255,-0.04941494386664255,-0.04941494386664255,-0.04941494386664255,0.0,0.0,0.0,0.1564653947090249
2025-11-29,0.1915440422889118,-1.4296432839841478,2.4628259051494052,0.1915440422889118,0.1915440422889118,0.27159334421765247,0.27159334421765247,0.27159334421765247,0.27159334421765247,0.27159334421765247,0.27159334421765247,0.0,0.0,0.0,0.4631373865065643
2025-11-30,0.18405252941987904,-1.790537557775765,2.021589480077736,0.18405252941987904,0.18405252941987904,-0.022862196717832843,-0.022862196717832843,-0.022862196717832843,-0.022862196717832843,-0.022862196717832843,-0.022862196717832843,0.0,0.0,0.0,0.1611903327020462
2025-12-01,0.17656101655084666,-1.89289754846944,2.1192358590529694,0.17656101655084666,0.17656101655084666,-0.1128854452484551,-0.1128854452484551,-0.1128854452484551,-0.1128854452484551,-0.1128854452484551,-0.1128854452484551,0.0,0.0,0.0,0.06367557130239156
2025-12-02,0.1690695036818139,-1.8317415774322576,2.052389424005355,0.1690695036818139,0.1690695036818139,-0.0857493027267697,-0.0857493027267697,-0.0857493027267697,-0.0857493027267697,-0.0857493027267697,-0.0857493027267697,0.0,0.0,0.0,0.0833202009550442
2025-12-03,0.16157799081278112,-1.7815231169668475,1.9832301820306641,0.16157799081278112,0.16157799081278112,-0.1048361454582462,-0.1048361454582462,-0.1048361454582462,-0.1048361454582462,-0.1048361454582462,-0.1048361454582462,0.0,0.0,0.0,0.05674184535453493
2025-12-04,0.15408647794374836,-1.5862555320081169,2.2887387610299044,0.15408647794374836,0.15408647794374836,0.10415468980007293,0.10415468980007293,0.10415468980007293,0.10415468980007293,0.10415468980007293,0.10415468980007293,0.0,0.0,0.0,0.2582411677438213
2025-12-05,0.1465949650747156,-1.8819501141131092,2.0256862073709883,0.1465949650747156,0.1465949650747156,-0.04941494386705674,-0.04941494386705674,-0.04941494386705674,-0.04941494386705674,-0.04941494386705674,-0.04941494386705674,0.0,0.0,0.0,0.09718002120765884
2025-12-06,0.13910345220568282,-1.4327243965321315,2.408236680844422,0.13910345220568282,0.13910345220568282,0.27159334421797854,0.27159334421797854,0.27159334421797854,0.27159334421797854,0.27159334421797854,0.27159334421797854,0.0,0.0,0.0,0.41069679642366136
2025-12-07,0.13161193933665005,-1.6778434995505618,2.045532694385934,0.13161193933665005,0.13161193933665005,-0.02286219671782531,-0.02286219671782531,-0.02286219671782531,-0.02286219671782531,-0.02286219671782531,-0.02286219671782531,0.0,0.0,0.0,0.10874974261882474
2025-12-08,0.12412042646761728,-1.8640805624119339,2.054255322827992,0.12412042646761728,0.12412042646761728,-0.1128854452487251,-0.1128854452487251,-0.1128854452487251,-0.1128854452487251,-0.1128854452487251,-0.1128854452487251,0.0,0.0,0.0,0.011234981218892187
2025-12-09,0.11662891359858452,-1.9908688531670449,1.9872573700667062,0.11662891359858452,0.11662891359858452,-0.08574930272691507,-0.08574930272691507,-0.08574930272691507,-0.08574930272691507,-0.08574930272691507,-0.08574930272691507,0.0,0.0,0.0,0.030879610871669447
2025-12-10,0.10913740072955253,-1.8614916553528869,1.8866282843104487,0.10913740072955253,0.10913740072955253,-0.10483614545856165,-0.10483614545856165,-0.10483614545856165,-0.10483614545856165,-0.10483614545856165,-0.10483614545856165,0.0,0.0,0.0,0.0043012552709908725
2025-12-11,0.10164588786051976,-1.7763830582780387,2.0518785078895463,0.10164588786051976,0.10164588786051976,0.10415468979982047,0.10415468979982047,0.10415468979982047,0.10415468979982047,0.10415468979982047,0.10415468979982047,0.0,0.0,0.0,0.2058005776603402
2025-12-12,0.09415437499148699,-1.8516348609077202,2.0719528015279405,0.09415437499148699,0.09415437499148699,-0.04941494386695453,-0.04941494386695453,-0.04941494386695453,-0.04941494386695453,-0.04941494386695453,-0.04941494386695453,0.0,0.0,0.0,0.04473943112453246
2025-12-13,0.08666286212245422,-1.571766607513556,2.312422328101689,0.08666286212245422,0.08666286212245422,0.27159334421747383,0.27159334421747383,0.27159334421747383,0.27159334421747383,0.27159334421747383,0.27159334421747383,0.0,0.0,0.0,0.35825620633992805
2025-12-14,0.07917134925342145,-1.8846735601221003,1.8350144187789614,0.07917134925342145,0.07917134925342145,-0.022862196717817793,-0.022862196717817793,-0.022862196717817793,-0.022862196717817793,-0.022862196717817793,-0.022862196717817793,0.0,0.0,0.0,0.05630915253560366
2025-12-15,0.07167983638438868,-1.909461233594386,1.859011885510625,0.07167983638438868,0.07167983638438868,-0.11288544524812874,-0.11288544524812874,-0.11288544524812874,-0.11288544524812874,-0.11288544524812874,-0.11288544524812874,0.0,0.0,0.0,-0.041205608863740056
2025-12-16,0.06418832351535592,-1.9713738037980078,1.9978643987445006,0.06418832351535592,0.06418832351535592,-0.08574930272664644,-0.08574930272664644,-0.08574930272664644,-0.08574930272664644,-0.08574930272664644,-0.08574930272664644,0.0,0.0,0.0,-0.02156097921129052
2025-12-17,0.05669681064632354,-1.9092940073773164,2.066949477255374,0.05669681064632354,0.05669681064632354,-0.10483614545801169,-0.10483614545801169,-0.10483614545801169,-0.10483614545801169,-0.10483614545801169,-0.10483614545801169,0.0,0.0,0.0,-0.04813933481168815
2025-12-18,0.04920529777729077,-1.777405416866732,2.135934619001133,0.04920529777729077,0.04920529777729077,0.10415468979991635,0.10415468979991635,0.10415468979991635,0.10415468979991635,0.10415468979991635,0.10415468979991635,0.0,0.0,0.0,0.15335998757720712
2025-12-19,0.041713784908258195,-2.204685078581203,1.9420821659398033,0.041713784908258195,0.041713784908258195,-0.04941494386685227,-0.04941494386685227,-0.04941494386685227,-0.04941494386685227,-0.04941494386685227,-0.04941494386685227,0.0,0.0,0.0,-0.007701158958594079
2025-12-20,0.03912948890631418,-1.6422730358863593,2.1359860153302157,0.03912948890631418,0.03912948890631418,0.27159334421779985,0.27159334421779985,0.27159334421779985,0.27159334421779985,0.27159334421779985,0.27159334421779985,0.0,0.0,0.0,0.31072283312411403
2025-12-21,0.03654519290436997,-1.9008330938848408,1.8737942488838997,0.03654519290436997,0.03654519290436997,-0.022862196716959948,-0.022862196716959948,-0.022862196716959948,-0.022862196716959948,-0.022862196716959948,-0.022862196716959948,0.0,0.0,0.0,0.013682996187410024
2025-12-22,0.03396089690242596,-1.9314927433836822,1.9467191910371948,0.03396089690242596,0.03396089690242596,-0.11288544524753238,-0.11288544524753238,-0.11288544524753238,-0.11288544524753238,-0.11288544524753238,-0.11288544524753238,0.0,0.0,0.0,-0.07892454834510643
2025-12-23,0.03137660090048214,-2.0687278514498564,1.8913486215214106,0.03137660090048214,0.03137660090048214,-0.08574930272722761,-0.08574930272722761,-0.08574930272722761,-0.08574930272722761,-0.08574930272722761,-0.08574930272722761,0.0,0.0,0.0,-0.05437270182674547
2025-12-24,0.02879230489853793,-2.070656593578247,1.8486904701500315,0.02879230489853793,0.02879230489853793,-0.10483614545879154,-0.10483614545879154,-0.10483614545879154,-0.10483614545879154,-0.10483614545879154,-0.10483614545879154,0.0,0.0,0.0,-0.07604384056025361
2025-12-25,0.026208008896593915,-1.7775129617565362,2.110827547047836,0.026208008896593915,0.026208008896593915,0.10415468980001226,0.10415468980001226,0.10415468980001226,0.10415468980001226,0.10415468980001226,0.10415468980001226,0.0,0.0,0.0,0.13036269869660616
2025-12-26,0.023623712894649707,-1.8306229789289175,1.9696399042078172,0.023623712894649707,0.023623712894649707,-0.04941494386726646,-0.04941494386726646,-0.04941494386726646,-0.04941494386726646,-0.04941494386726646,-0.04941494386726646,0.0,0.0,0.0,-0.025791230972616756
2025-12-27,0.021039416892705692,-1.6289195477660006,2.2330083674144072,0.021039416892705692,0.021039416892705692,0.27159334421771053,0.27159334421771053,0.27159334421771053,0.27159334421771053,0.27159334421771053,0.27159334421771053,0.0,0.0,0.0,0.29263276111041625
2025-12-28,0.018455120890761678,-1.8955072049560238,1.969804912184189,0.018455120890761678,0.018455120890761678,-0.02286219671766373,-0.02286219671766373,-0.02286219671766373,-0.02286219671766373,-0.02286219671766373,-0.02286219671766373,0.0,0.0,0.0,-0.00440707582690205
2025-12-29,0.01587082488881747,-2.015976511847659,1.7102976732086874,0.01587082488881747,0.01587082488881747,-0.11288544524780239,-0.11288544524780239,-0.11288544524780239,-0.11288544524780239,-0.11288544524780239,-0.11288544524780239,0.0,0.0,0.0,-0.09701462035898492
2025-12-30,0.013286528886873455,-2.0731960906525506,1.9115999292897121,0.013286528886873455,0.013286528886873455,-0.08574930272695902,-0.08574930272695902,-0.08574930272695902,-0.08574930272695902,-0.08574930272695902,-0.08574930272695902,0.0,0.0,0.0,-0.07246277384008556
2025-12-31,0.010702232884929247,-2.0340813634253134,1.8018942205089314,0.010702232884929247,0.010702232884929247,-0.10483614545824163,-0.10483614545824163,-0.10483614545824163,-0.10483614545824163,-0.10483614545824163,-0.10483614545824163,0.0,0.0,0.0,-0.09413391257331238
2026-01-01,0.008117936882985233,-1.8039603352804987,2.0583239713770936,0.008117936882985233,0.008117936882985233,0.10415468980001673,0.10415468980001673,0.10415468980001673,0.10415468980001673,0.10415468980001673,0.10415468980001673,0.0,0.0,0.0,0.11227262668300196
2026-01-02,0.0055336408810412185,-2.077956346683171,1.8905678487891657,0.0055336408810412185,0.0055336408810412185,-0.04941494386716422,-0.04941494386716422,-0.04941494386716422,-0.04941494386716422,-0.04941494386716422,-0.04941494386716422,0.0,0.0,0.0,-0.043881302986123
2026-01-03,0.00294934487909701,-1.661574303580208,2.247656431675123,0.00294934487909701,0.00294934487909701,0.2715933442180366,0.2715933442180366,0.2715933442180366,0.2715933442180366,0.2715933442180366,0.2715933442180366,0.0,0.0,0.0,0.27454268909713364
2026-01-04,0.00036504887715299583,-1.9576831039170108,1.8224030460693745,0.00036504887715299583,0.00036504887715299583,-0.022862196716944908,-0.022862196716944908,-0.022862196716944908,-0.022862196716944908,-0.022862196716944908,-0.022862196716944908,0.0,0.0,0.0,-0.02249714783979191
2026-01-05,-0.0022192471247912127,-2.1142907397860147,1.8411272419497442,-0.0022192471247912127,-0.0022192471247912127,-0.11288544524940423,-0.11288544524940423,-0.11288544524940423,-0.11288544524940423,-0.11288544524940423,-0.11288544524940423,0.0,0.0,0.0,-0.11510469237419545
2026-01-06,-0.004803543126735033,-1.9690074381701514,1.9349023054862216,-0.004803543126735033,-0.004803543126735033,-0.08574930272710438,-0.08574930272710438,-0.08574930272710438,-0.08574930272710438,-0.08574930272710438,-0.08574930272710438,0.0,0.0,0.0,-0.09055284585383941
2026-01-07,-0.007387839128679047,-2.055587593143223,1.7615107392642668,-0.007387839128679047,-0.007387839128679047,-0.10483614545835657,-0.10483614545835657,-0.10483614545835657,-0.10483614545835657,-0.10483614545835657,-0.10483614545835657,0.0,0.0,0.0,-0.11222398458703561
2026-01-08,-0.009972135130624263,-1.793643576664874,1.9895893423384727,-0.009972135130624263,-0.009972135130624263,0.10415468979976428,0.10415468979976428,0.10415468979976428,0.10415468979976428,0.10415468979976428,0.10415468979976428,0.0,0.0,0.0,0.09418255466914001
2026-01-09,-0.010193559645226578,-1.9486486241660486,1.9584485454249303,-0.010193559645226578,-0.010193559645226578,-0.049414943867099166,-0.049414943867099166,-0.049414943867099166,-0.049414943867099166,-0.049414943867099166,-0.049414943867099166,0.0,0.0,0.0,-0.059608503512325745
2026-01-10,-0.010414984159828881,-1.7044546804032545,2.2761006040717744,-0.010414984159828881,-0.010414984159828881,0.2715933442179473,0.2715933442179473,0.2715933442179473,0.2715933442179473,0.2715933442179473,0.2715933442179473,0.0,0.0,0.0,0.2611783600581184
2026-01-11,-0.010636408674431197,-1.90066437276087,1.9486370811816445,-0.010636408674431197,-0.010636408674431197,-0.02286219671764867,-0.02286219671764867,-0.02286219671764867,-0.02286219671764867,-0.02286219671764867,-0.02286219671764867,0.0,0.0,0.0,-0.03349860539207987
2026-01-12,-0.010857833189033512,-2.1012756796537673,1.7215499017199123,-0.010857833189033512,-0.010857833189033512,-0.1128854452488079,-0.1128854452488079,-0.1128854452488079,-0.1128854452488079,-0.1128854452488079,-0.1128854452488079,0.0,0.0,0.0,-0.12374327843784141
2026-01-13,-0.011079257703635815,-2.2060494831467277,1.8801250984283062,-0.011079257703635815,-0.011079257703635815,-0.08574930272683576,-0.08574930272683576,-0.08574930272683576,-0.08574930272683576,-0.08574930272683576,-0.08574930272683576,0.0,0.0,0.0,-0.09682856043047157
2026-01-14,-0.01130068221823813,-2.021632086677699,1.8478729444495432,-0.01130068221823813,-0.01130068221823813,-0.10483614545780662,-0.10483614545780662,-0.10483614545780662,-0.10483614545780662,-0.10483614545780662,-0.10483614545780662,0.0,0.0,0.0,-0.11613682767604475
2026-01-15,-0.011522106732840433,-1.8410557567168038,2.1233412190030063,-0.011522106732840433,-0.011522106732840433,0.10415468980020853,0.10415468980020853,0.10415468980020853,0.10415468980020853,0.10415468980020853,0.10415468980020853,0.0,0.0,0.0,0.0926325830673681
2026-01-16,-0.011743531247442748,-1.9843396760649057,1.984940265150544,-0.011743531247442748,-0.011743531247442748,-0.04941494386695974,-0.04941494386695974,-0.04941494386695974,-0.04941494386695974,-0.04941494386695974,-0.04941494386695974,0.0,0.0,0.0,-0.06115847511440249
2026-01-17,-0.011964955762045051,-1.4201501549024806,2.2720917460105503,-0.011964955762045051,-0.011964955762045051,0.27159334421782916,0.27159334421782916,0.27159334421782916,0.27159334421782916,0.27159334421782916,0.27159334421782916,0.0,0.0,0.0,0.2596283884557841
2026-01-18,-0.012186380276647367,-1.9331295957718984,1.9835263188717809,-0.012186380276647367,-0.012186380276647367,-0.022862196717641135,-0.022862196717641135,-0.022862196717641135,-0.022862196717641135,-0.022862196717641135,-0.022862196717641135,0.0,0.0,0.0,-0.035048576994288504
2026-01-19,-0.012407804791249658,-2.061439401813588,1.6936849828377791,-0.012407804791249658,-0.012407804791249658,-0.11288544524821154,-0.11288544524821154,-0.11288544524821154,-0.11288544524821154,-0.11288544524821154,-0.11288544524821154,0.0,0.0,0.0,-0.12529325003946118
2026-01-20,-0.01262922930585196,-2.05167214126529,1.7614828083792025,-0.01262922930585196,-0.01262922930585196,-0.08574930272741696,-0.08574930272741696,-0.08574930272741696,-0.08574930272741696,-0.08574930272741696,-0.08574930272741696,0.0,0.0,0.0,-0.09837853203326892
2026-01-21,-0.012850653820454276,-2.1992137311626916,1.8951577365980525,-0.012850653820454276,-0.012850653820454276,-0.10483614545792158,-0.10483614545792158,-0.10483614545792158,-0.10483614545792158,-0.10483614545792158,-0.10483614545792158,0.0,0.0,0.0,-0.11768679927837586
2026-01-22,-0.013072078335056579,-1.8309541555431306,1.9329660813122718,-0.013072078335056579,-0.013072078335056579,0.10415468979986466,0.10415468979986466,0.10415468979986466,0.10415468979986466,0.10415468979986466,0.10415468979986466,0.0,0.0,0.0,0.09108261146480807
2026-01-23,-0.013293502849658894,-2.023919279706079,1.8224214694710579,-0.013293502849658894,-0.013293502849658894,-0.049414943866894705,-0.049414943866894705,-0.049414943866894705,-0.049414943866894705,-0.049414943866894705,-0.049414943866894705,0.0,0.0,0.0,-0.0627084467165536
2026-01-24,-0.013514927364261197,-1.7854562338701216,2.265242892210691,-0.013514927364261197,-0.013514927364261197,0.27159334421773984,0.27159334421773984,0.27159334421773984,0.27159334421773984,0.27159334421773984,0.27159334421773984,0.0,0.0,0.0,0.25807841685347865
2026-01-25,-0.013736351878863512,-2.1992036124780947,1.8742245203690409,-0.013736351878863512,-0.013736351878863512,-0.022862196718344937,-0.022862196718344937,-0.022862196718344937,-0.022862196718344937,-0.022862196718344937,-0.022862196718344937,0.0,0.0,0.0,-0.03659854859720845
2026-01-26,-0.013957776393465815,-2.0520542142400555,1.6132543654763645,-0.013957776393465815,-0.013957776393465815,-0.11288544524848153,-0.11288544524848153,-0.11288544524848153,-0.11288544524848153,-0.11288544524848153,-0.11288544524848153,0.0,0.0,0.0,-0.12684322164194733
2026-01-27,-0.01417920090806813,-2.14593058688002,1.7677144303922603,-0.01417920090806813,-0.01417920090806813,-0.08574930272629856,-0.08574930272629856,-0.08574930272629856,-0.08574930272629856,-0.08574930272629856,-0.08574930272629856,0.0,0.0,0.0,-0.0999285036343667
2026-01-28,-0.014400625422669231,-2.1330108334690316,1.810346247392154,-0.014400625422669231,-0.014400625422669231,-0.10483614545823702,-0.10483614545823702,-0.10483614545823702,-0.10483614545823702,-0.10483614545823702,-0.10483614545823702,0.0,0.0,0.0,-0.11923677088090626
2026-01-29,-0.014621961475730718,-1.8854147588683108,2.0959251650307578,-0.014621961475730718,-0.014621961475730718,0.10415468980030888,0.10415468980030888,0.10415468980030888,0.10415468980030888,0.10415468980030888,0.10415468980030888,0.0,0.0,0.0,0.08953272832457816
2026-01-30,-0.014843297528792205,-1.9817587435332573,1.7611946466123547,-0.014843297528792205,-0.014843297528792205,-0.049414943866829666,-0.049414943866829666,-0.049414943866829666,-0.049414943866829666,-0.049414943866829666,-0.049414943866829666,0.0,0.0,0.0,-0.06425824139562188
2026-01-31,-0.015064633581853691,-1.7148480117373408,2.157569862155511,-0.015064633581853691,-0.015064633581853691,0.27159334421806586,0.27159334421806586,0.27159334421806586,0.27159334421806586,0.27159334421806586,0.27159334421806586,0.0,0.0,0.0,0.2565287106362122
2026-02-01,-0.015285969634915153,-2.0015846064357463,1.7605451051814847,-0.015285969634915153,-0.015285969634915153,-0.02286219671833739,-0.02286219671833739,-0.02286219671833739,-0.02286219671833739,-0.02286219671833739,-0.02286219671833739,0.0,0.0,0.0,-0.03814816635325254
2026-02-02,-0.01550730568797664,-2.016093411955809,1.976338065650198,-0.01550730568797664,-0.01550730568797664,-0.11288544524748437,-0.11288544524748437,-0.11288544524748437,-0.11288544524748437,-0.11288544524748437,-0.11288544524748437,0.0,0.0,0.0,-0.12839275093546101
2026-02-03,-0.015728641741038128,-1.9593039989018879,1.7776106786817274,-0.015728641741038128,-0.015728641741038128,-0.08574930272687974,-0.08574930272687974,-0.08574930272687974,-0.08574930272687974,-0.08574930272687974,-0.08574930272687974,0.0,0.0,0.0,-0.10147794446791786
2026-02-04,-0.015949977794099613,-2.1844992283178377,1.8613005861052019,-0.015949977794099613,-0.015949977794099613,-0.10483614545835197,-0.10483614545835197,-0.10483614545835197,-0.10483614545835197,-0.10483614545835197,-0.10483614545835197,0.0,0.0,0.0,-0.12078612325245158
2026-02-05,-0.016171313847161087,-1.8881092581139773,2.021358524135401,-0.016171313847161087,-0.016171313847161087,0.10415468980005643,0.10415468980005643,0.10415468980005643,0.10415468980005643,0.10415468980005643,0.10415468980005643,0.0,0.0,0.0,0.08798337595289535
2026-02-06,-0.016392649900222572,-2.0054105672074702,1.7857135237590507,-0.016392649900222572,-0.016392649900222572,-0.04941494386672744,-0.04941494386672744,-0.04941494386672744,-0.04941494386672744,-0.04941494386672744,-0.04941494386672744,0.0,0.0,0.0,-0.06580759376695001
2026-02-07,-0.01661398595328406,-1.6420545673127007,2.1454179373846167,-0.01661398595328406,-0.01661398595328406,0.27159334421756115,0.27159334421756115,0.27159334421756115,0.27159334421756115,0.27159334421756115,0.27159334421756115,0.0,0.0,0.0,0.2549793582642771
2026-02-08,-0.01683532200634555,-1.8676823987180626,1.8493761111650833,-0.01683532200634555,-0.01683532200634555,-0.02286219671676825,-0.02286219671676825,-0.02286219671676825,-0.02286219671676825,-0.02286219671676825,-0.02286219671676825,0.0,0.0,0.0,-0.0396975187231138
2026-02-09,-0.017056658059407034,-2.05838698286189,1.9290247742510838,-0.017056658059407034,-0.017056658059407034,-0.11288544524862067,-0.11288544524862067,-0.11288544524862067,-0.11288544524862067,-0.11288544524862067,-0.11288544524862067,0.0,0.0,0.0,-0.1299421033080277
2026-02-10,-0.017277994112468508,-2.0576165976803438,1.785673217890394,-0.017277994112468508,-0.017277994112468508,-0.0857493027274609,-0.0857493027274609,-0.0857493027274609,-0.0857493027274609,-0.0857493027274609,-0.0857493027274609,0.0,0.0,0.0,-0.10302729683992941
2026-02-11,-0.017499330165529993,-2.023120839719029,1.6545940866436797,-0.017499330165529993,-0.017499330165529993,-0.10483614545780201,-0.10483614545780201,-0.10483614545780201,-0.10483614545780201,-0.10483614545780201,-0.10483614545780201,0.0,0.0,0.0,-0.122335475623332
2026-02-12,-0.01772066621859148,-1.7295136939333235,2.046588969423722,-0.01772066621859148,-0.01772066621859148,0.10415468980015234,0.10415468980015234,0.10415468980015234,0.10415468980015234,0.10415468980015234,0.10415468980015234,0.0,0.0,0.0,0.08643402358156085
2026-02-13,-0.01794200227165297,-2.0478958362022914,1.9659185991097086,-0.01794200227165297,-0.01794200227165297,-0.04941494386717884,-0.04941494386717884,-0.04941494386717884,-0.04941494386717884,-0.04941494386717884,-0.04941494386717884,0.0,0.0,0.0,-0.06735694613883181
2026-02-14,-0.01816333832471443,-1.8279010277144785,2.0505327837776406,-0.01816333832471443,-0.01816333832471443,0.27159334421788717,0.27159334421788717,0.27159334421788717,0.27159334421788717,0.27159334421788717,0.27159334421788717,0.0,0.0,0.0,0.2534300058931727
2026-02-15,-0.01838467437777592,-2.112608194681289,1.862013489063809,-0.01838467437777592,-0.01838467437777592,-0.022862196716760708,-0.022862196716760708,-0.022862196716760708,-0.022862196716760708,-0.022862196716760708,-0.022862196716760708,0.0,0.0,0.0,-0.041246871094536626
2026-02-16,-0.018606010430837403,-2.076274303498684,1.7075904384034095,-0.018606010430837403,-0.018606010430837403,-0.11288544524802437,-0.11288544524802437,-0.11288544524802437,-0.11288544524802437,-0.11288544524802437,-0.11288544524802437,0.0,0.0,0.0,-0.13149145567886178
2026-02-17,-0.018827346483899617,-1.9524459626918371,1.8767214586695664,-0.018827346483899617,-0.018827346483899617,-0.08574930272719229,-0.08574930272719229,-0.08574930272719229,-0.08574930272719229,-0.08574930272719229,-0.08574930272719229,0.0,0.0,0.0,-0.10457664921109192
2026-02-18,-0.019047880209344017,-2.160041513445515,1.872621092827358,-0.019047880209344017,-0.019047880209344017,-0.1048361454585819,-0.1048361454585819,-0.1048361454585819,-0.1048361454585819,-0.1048361454585819,-0.1048361454585819,0.0,0.0,0.0,-0.12388402566792592
2026-02-19,-0.019268413934788408,-1.8718564141598704,2.1717388629101455,-0.019268413934788408,-0.019268413934788408,0.10415468980024824,0.10415468980024824,0.10415468980024824,0.10415468980024824,0.10415468980024824,0.10415468980024824,0.0,0.0,0.0,0.08488627586545983
2026-02-20,-0.01948894766023281,-2.2176402686669747,1.8418097552888046,-0.01948894766023281,-0.01948894766023281,-0.04941494386703939,-0.04941494386703939,-0.04941494386703939,-0.04941494386703939,-0.04941494386703939,-0.04941494386703939,0.0,0.0,0.0,-0.06890389152727219
2026-02-21,-0.01970948138567721,-1.7678267182187715,2.1683058129136326,-0.01970948138567721,-0.01970948138567721,0.27159334421821324,0.27159334421821324,0.27159334421821324,0.27159334421821324,0.27159334421821324,0.27159334421821324,0.0,0.0,0.0,0.25188386283253605
2026-02-22,-0.0199300151111216,-1.8443728630873981,2.1045764684954973,-0.0199300151111216,-0.0199300151111216,-0.022862196717464502,-0.022862196717464502,-0.022862196717464502,-0.022862196717464502,-0.022862196717464502,-0.022862196717464502,0.0,0.0,0.0,-0.0427922118285861
2026-02-23,-0.020150548836566,-2.0827016641848926,1.786496821764185,-0.020150548836566,-0.020150548836566,-0.11288544524829436,-0.11288544524829436,-0.11288544524829436,-0.11288544524829436,-0.11288544524829436,-0.11288544524829436,0.0,0.0,0.0,-0.13303599408486036
2026-02-24,-0.020371082562010402,-2.0243538699334365,1.8999418481896704,-0.020371082562010402,-0.020371082562010402,-0.08574930272818743,-0.08574930272818743,-0.08574930272818743,-0.08574930272818743,-0.08574930272818743,-0.08574930272818743,0.0,0.0,0.0,-0.10612038529019782
2026-02-25,-0.02059161628745479,-2.0120052052851882,1.7982773637434033,-0.02059161628745479,-0.02059161628745479,-0.10483614545823243,-0.10483614545823243,-0.10483614545823243,-0.10483614545823243,-0.10483614545823243,-0.10483614545823243,0.0,0.0,0.0,-0.1254277617456872
2026-02-26,-0.02081215001289919,-1.8034545234124166,2.112105718342437,-0.02081215001289919,-0.02081215001289919,0.10415468980034415,0.10415468980034415,0.10415468980034415,0.10415468980034415,0.10415468980034415,0.10415468980034415,0.0,0.0,0.0,0.08334253978744496
2026-02-27,-0.021032683738343567,-1.9818111606761535,1.7913684945204347,-0.021032683738343567,-0.021032683738343567,-0.04941494386697435,-0.04941494386697435,-0.04941494386697435,-0.04941494386697435,-0.04941494386697435,-0.04941494386697435,0.0,0.0,0.0,-0.07044762760531792
2026-02-28,-0.021253217463787968,-1.6056317934407884,2.220385699491589,-0.021253217463787968,-0.021253217463787968,0.2715933442181239,0.2715933442181239,0.2715933442181239,0.2715933442181239,0.2715933442181239,0.2715933442181239,0.0,0.0,0.0,0.250340126754336
2026-03-01,-0.02147375118923237,-2.1179097550991113,1.9376613342769153,-0.02147375118923237,-0.02147375118923237,-0.022862196716606657,-0.022862196716606657,-0.022862196716606657,-0.022862196716606657,-0.022862196716606657,-0.022862196716606657,0.0,0.0,0.0,-0.04433594790583903
2026-03-02,-0.02169428491467676,-2.038518273140367,1.9538327610993929,-0.02169428491467676,-0.02169428491467676,-0.11288544524856432,-0.11288544524856432,-0.11288544524856432,-0.11288544524856432,-0.11288544524856432,-0.11288544524856432,0.0,0.0,0.0,-0.1345797301632411
2026-03-03,-0.02191481864012116,-2.10356109853282,1.7379006968528865,-0.02191481864012116,-0.02191481864012116,-0.08574930272706906,-0.08574930272706906,-0.08574930272706906,-0.08574930272706906,-0.08574930272706906,-0.08574930272706906,0.0,0.0,0.0,-0.10766412136719022
2026-03-04,-0.022135352365565547,-2.016518722218461,2.0267782570791635,-0.022135352365565547,-0.022135352365565547,-0.1048361454590123,-0.1048361454590123,-0.1048361454590123,-0.1048361454590123,-0.1048361454590123,-0.1048361454590123,0.0,0.0,0.0,-0.12697149782457784
2026-03-05,-0.022355886091009948,-1.8612896276219413,1.9793075355876402,-0.022355886091009948,-0.022355886091009948,0.10415468980009171,0.10415468980009171,0.10415468980009171,0.10415468980009171,0.10415468980009171,0.10415468980009171,0.0,0.0,0.0,0.08179880370908177
2026-03-06,-0.02257641981645435,-2.0434734619228188,1.8889138208844927,-0.02257641981645435,-0.02257641981645435,-0.04941494386687209,-0.04941494386687209,-0.04941494386687209,-0.04941494386687209,-0.04941494386687209,-0.04941494386687209,0.0,0.0,0.0,-0.07199136368332644
2026-03-07,-0.022796953541898736,-1.6368770739471379,2.1584476268452324,-0.022796953541898736,-0.022796953541898736,0.2715933442180058,0.2715933442180058,0.2715933442180058,0.2715933442180058,0.2715933442180058,0.2715933442180058,0.0,0.0,0.0,0.24879639067610707
2026-03-08,-0.023017487267343137,-2.0093647520844047,1.982220405666593,-0.023017487267343137,-0.023017487267343137,-0.022862196717310445,-0.022862196717310445,-0.022862196717310445,-0.022862196717310445,-0.022862196717310445,-0.022862196717310445,0.0,0.0,0.0,-0.045879683984653585
2026-03-09,-0.023238020992787538,-1.9789819829582582,1.7690413710296065,-0.023238020992787538,-0.023238020992787538,-0.11288544524883433,-0.11288544524883433,-0.11288544524883433,-0.11288544524883433,-0.11288544524883433,-0.11288544524883433,0.0,0.0,0.0,-0.13612346624162186
2026-03-10,-0.023458554718232754,-2.0206960166358963,1.8263140449619968,-0.023458554718232754,-0.023458554718232754,-0.08574930272765023,-0.08574930272765023,-0.08574930272765023,-0.08574930272765023,-0.08574930272765023,-0.08574930272765023,0.0,0.0,0.0,-0.10920785744588299
2026-03-11,-0.023679072251520834,-2.163633086632105,1.7133850681743796,-0.023679072251520834,-0.023679072251520834,-0.10483614545846234,-0.10483614545846234,-0.10483614545846234,-0.10483614545846234,-0.10483614545846234,-0.10483614545846234,0.0,0.0,0.0,-0.12851521770998317
2026-03-12,-0.023899589784808887,-2.077373634236337,2.025648226727281,-0.023899589784808887,-0.023899589784808887,0.10415468980009615,0.10415468980009615,0.10415468980009615,0.10415468980009615,0.10415468980009615,0.10415468980009615,0.0,0.0,0.0,0.08025510001528727
2026-03-13,-0.024120107318096953,-2.1478295066966737,1.778219612050317,-0.024120107318096953,-0.024120107318096953,-0.049414943866769874,-0.049414943866769874,-0.049414943866769874,-0.049414943866769874,-0.049414943866769874,-0.049414943866769874,0.0,0.0,0.0,-0.07353505118486683
2026-03-14,-0.02434062485138502,-1.8009059753916585,2.266143284729061,-0.02434062485138502,-0.02434062485138502,0.2715933442175011,0.2715933442175011,0.2715933442175011,0.2715933442175011,0.2715933442175011,0.2715933442175011,0.0,0.0,0.0,0.24725271936611606
2026-03-15,-0.024561142384673086,-1.892773463803327,2.051318450382317,-0.024561142384673086,-0.024561142384673086,-0.022862196716591617,-0.022862196716591617,-0.022862196716591617,-0.022862196716591617,-0.022862196716591617,-0.022862196716591617,0.0,0.0,0.0,-0.0474233391012647
2026-03-16,-0.024781659917961153,-1.9810231893656918,1.7419356223785067,-0.024781659917961153,-0.024781659917961153,-0.11288544524823796,-0.11288544524823796,-0.11288544524823796,-0.11288544524823796,-0.11288544524823796,-0.11288544524823796,0.0,0.0,0.0,-0.13766710516619912
2026-03-17,-0.025002177451249233,-2.002743549459547,1.9009117483575997,-0.025002177451249233,-0.025002177451249233,-0.0857493027273816,-0.0857493027273816,-0.0857493027273816,-0.0857493027273816,-0.0857493027273816,-0.0857493027273816,0.0,0.0,0.0,-0.11075148017863083
2026-03-18,-0.025222694984537296,-1.8679495592749258,1.7933589552524423,-0.025222694984537296,-0.025222694984537296,-0.10483614545791241,-0.10483614545791241,-0.10483614545791241,-0.10483614545791241,-0.10483614545791241,-0.10483614545791241,0.0,0.0,0.0,-0.1300588404424497
2026-03-19,-0.025443212517825366,-1.7250076641464533,1.9915639469773139,-0.025443212517825366,-0.025443212517825366,0.10415468979984371,0.10415468979984371,0.10415468979984371,0.10415468979984371,0.10415468979984371,0.10415468979984371,0.0,0.0,0.0,0.07871147728201836
2026-03-20,-0.02566373005111343,-2.0347572606708506,1.8214119909159923,-0.02566373005111343,-0.02566373005111343,-0.04941494386666763,-0.04941494386666763,-0.04941494386666763,-0.04941494386666763,-0.04941494386666763,-0.04941494386666763,0.0,0.0,0.0,-0.07507867391778106
2026-03-21,-0.02588424758440151,-1.6956043208352762,2.127163563729134,-0.02588424758440151,-0.02588424758440151,0.27159334421782716,0.27159334421782716,0.27159334421782716,0.27159334421782716,0.27159334421782716,0.27159334421782716,0.0,0.0,0.0,0.24570909663342566
2026-03-22,-0.026104765117689575,-1.9685445200443854,1.9089253943063789,-0.026104765117689575,-0.026104765117689575,-0.02286219671729538,-0.02286219671729538,-0.02286219671729538,-0.02286219671729538,-0.02286219671729538,-0.02286219671729538,0.0,0.0,0.0,-0.04896696183498496
2026-03-23,-0.026325282650977642,-1.980846564136984,1.7829573997241548,-0.026325282650977642,-0.026325282650977642,-0.11288544524810713,-0.11288544524810713,-0.11288544524810713,-0.11288544524810713,-0.11288544524810713,-0.11288544524810713,0.0,0.0,0.0,-0.13921072789908479
2026-03-24,-0.026545800184265708,-2.0770653552641143,1.9707033054942165,-0.026545800184265708,-0.026545800184265708,-0.08574930272752693,-0.08574930272752693,-0.08574930272752693,-0.08574930272752693,-0.08574930272752693,-0.08574930272752693,0.0,0.0,0.0,-0.11229510291179264
2026-03-25,-0.026766317717553775,-2.203240774666931,1.739660886934089,-0.026766317717553775,-0.026766317717553775,-0.10483614545869224,-0.10483614545869224,-0.10483614545869224,-0.10483614545869224,-0.10483614545869224,-0.10483614545869224,0.0,0.0,0.0,-0.13160246317624602
2026-03-26,-0.026986835250841827,-1.9779604171751992,2.0376371046387933,-0.026986835250841827,-0.026986835250841827,0.10415468980028798,0.10415468980028798,0.10415468980028798,0.10415468980028798,0.10415468980028798,0.10415468980028798,0.0,0.0,0.0,0.07716785454944616
2026-03-27,-0.027207352784129907,-2.16495427454434,1.752498879015671,-0.027207352784129907,-0.027207352784129907,-0.04941494386660259,-0.04941494386660259,-0.04941494386660259,-0.04941494386660259,-0.04941494386660259,-0.04941494386660259,0.0,0.0,0.0,-0.0766222966507325
2026-03-28,-0.027427870317417974,-1.7911416922761512,2.0626239887120423,-0.027427870317417974,-0.027427870317417974,0.27159334421770903,0.27159334421770903,0.27159334421770903,0.27159334421770903,0.27159334421770903,0.27159334421770903,0.0,0.0,0.0,0.24416547390029106
2026-03-29,-0.02764838785070604,-2.0427333848637192,1.9078814273283693,-0.02764838785070604,-0.02764838785070604,-0.02286219671799917,-0.02286219671799917,-0.02286219671799917,-0.02286219671799917,-0.02286219671799917,-0.02286219671799917,0.0,0.0,0.0,-0.050510584568705205
2026-03-30,-0.027868905383992285,-2.197496441683907,1.9411846345521868,-0.027868905383992285,-0.027868905383992285,-0.11288544524751082,-0.11288544524751082,-0.11288544524751082,-0.11288544524751082,-0.11288544524751082,-0.11288544524751082,0.0,0.0,0.0,-0.1407543506315031
2026-03-31,-0.028089423096130023,-2.288344983992686,1.760490289866745,-0.028089423096130023,-0.028089423096130023,-0.08574930272725834,-0.08574930272725834,-0.08574930272725834,-0.08574930272725834,-0.08574930272725834,-0.08574930272725834,0.0,0.0,0.0,-0.11383872582338836
2026-04-01,-0.028309940808267757,-2.030860695576597,1.9880202394350872,-0.028309940808267757,-0.028309940808267757,-0.10483614545814228,-0.10483614545814228,-0.10483614545814228,-0.10483614545814228,-0.10483614545814228,-0.10483614545814228,0.0,0.0,0.0,-0.13314608626641003
2026-04-02,-0.02853045852040549,-1.8267505040642145,1.9654768067527912,-0.02853045852040549,-0.02853045852040549,0.1041546898000355,0.1041546898000355,0.1041546898000355,0.1041546898000355,0.1041546898000355,0.1041546898000355,0.0,0.0,0.0,0.07562423127963001
2026-04-03,-0.02875097623254323,-2.0403301058388523,1.8817277135827033,-0.02875097623254323,-0.02875097623254323,-0.0494149438670168,-0.0494149438670168,-0.0494149438670168,-0.0494149438670168,-0.0494149438670168,-0.0494149438670168,0.0,0.0,0.0,-0.07816592009956003
2026-04-04,-0.028971493944680966,-1.6591081751321108,2.2736680323513103,-0.028971493944680966,-0.028971493944680966,0.27159334421803505,0.27159334421803505,0.27159334421803505,0.27159334421803505,0.27159334421803505,0.27159334421803505,0.0,0.0,0.0,0.2426218502733541
2026-04-05,-0.0291920116568187,-1.9028288167518304,1.8629641020902612,-0.0291920116568187,-0.0291920116568187,-0.02286219671728033,-0.02286219671728033,-0.02286219671728033,-0.02286219671728033,-0.02286219671728033,-0.02286219671728033,0.0,0.0,0.0,-0.052054208374099034
2026-04-06,-0.029412529368956435,-2.056327923969253,1.8002814987561706,-0.029412529368956435,-0.029412529368956435,-0.11288544524864713,-0.11288544524864713,-0.11288544524864713,-0.11288544524864713,-0.11288544524864713,-0.11288544524864713,0.0,0.0,0.0,-0.14229797461760357
2026-04-07,-0.029633047081094172,-2.032840614624676,1.8494013494667527,-0.029633047081094172,-0.029633047081094172,-0.08574930272698972,-0.08574930272698972,-0.08574930272698972,-0.08574930272698972,-0.08574930272698972,-0.08574930272698972,0.0,0.0,0.0,-0.11538234980808389
2026-04-08,-0.029853564793231896,-2.027899470636264,1.6720593395788492,-0.029853564793231896,-0.029853564793231896,-0.10483614545845774,-0.10483614545845774,-0.10483614545845774,-0.10483614545845774,-0.10483614545845774,-0.10483614545845774,0.0,0.0,0.0,-0.13468971025168963
2026-04-09,-0.03007408250536963,-1.987219926619479,2.0247314344173275,-0.03007408250536963,-0.03007408250536963,0.10415468979978307,0.10415468979978307,0.10415468979978307,0.10415468979978307,0.10415468979978307,0.10415468979978307,0.0,0.0,0.0,0.07408060729441343
2026-04-10,-0.030294600217507368,-1.9521424714125866,1.8443548346682928,-0.030294600217507368,-0.030294600217507368,-0.04941494386691456,-0.04941494386691456,-0.04941494386691456,-0.04941494386691456,-0.04941494386691456,-0.04941494386691456,0.0,0.0,0.0,-0.07970954408442192
2026-04-11,-0.030515117929645105,-1.7818710183467064,2.2364145773290627,-0.030515117929645105,-0.030515117929645105,0.2715933442179458,0.2715933442179458,0.2715933442179458,0.2715933442179458,0.2715933442179458,0.2715933442179458,0.0,0.0,0.0,0.24107822628830067
2026-04-12,-0.03073563564178284,-2.0468850034588186,1.793781513428586,-0.03073563564178284,-0.03073563564178284,-0.022862196717984104,-0.022862196717984104,-0.022862196717984104,-0.022862196717984104,-0.022862196717984104,-0.022862196717984104,0.0,0.0,0.0,-0.05359783235976694
2026-04-13,-0.030956153353920574,-2.000941118910138,1.6524412267451334,-0.030956153353920574,-0.030956153353920574,-0.11288544524805079,-0.11288544524805079,-0.11288544524805079,-0.11288544524805079,-0.11288544524805079,-0.11288544524805079,0.0,0.0,0.0,-0.14384159860197138
2026-04-14,-0.03117667106605831,-2.0821727794104965,1.8527614796105665,-0.03117667106605831,-0.03117667106605831,-0.08574930272672114,-0.08574930272672114,-0.08574930272672114,-0.08574930272672114,-0.08574930272672114,-0.08574930272672114,0.0,0.0,0.0,-0.11692597379277946
2026-04-15,-0.03139718877819605,-2.2738205404552247,1.882167529215886,-0.03139718877819605,-0.03139718877819605,-0.10483614545790779,-0.10483614545790779,-0.10483614545790779,-0.10483614545790779,-0.10483614545790779,-0.10483614545790779,0.0,0.0,0.0,-0.13623333423610384
2026-04-16,-0.03161770649033378,-1.9526226423456865,1.9093068758904634,-0.03161770649033378,-0.03161770649033378,0.10415468980022734,0.10415468980022734,0.10415468980022734,0.10415468980022734,0.10415468980022734,0.10415468980022734,0.0,0.0,0.0,0.07253698330989355
2026-04-17,-0.03183822420247152,-2.1091794881907227,1.7244174190959005,-0.03183822420247152,-0.03183822420247152,-0.049414943866775106,-0.049414943866775106,-0.049414943866775106,-0.049414943866775106,-0.049414943866775106,-0.049414943866775106,0.0,0.0,0.0,-0.08125316806924662
2026-04-18,-0.03205874191460925,-1.7096628977823365,2.2570050070373298,-0.03205874191460925,-0.03205874191460925,0.2715933442178564,0.2715933442178564,0.2715933442178564,0.2715933442178564,0.2715933442178564,0.2715933442178564,0.0,0.0,0.0,0.23953460230324716
2026-04-19,-0.03227925962674766,-2.074704268548312,1.9781288251537417,-0.03227925962674766,-0.03227925962674766,-0.02286219671712627,-0.02286219671712627,-0.02286219671712627,-0.02286219671712627,-0.02286219671712627,-0.02286219671712627,0.0,0.0,0.0,-0.05514145634387393
2026-04-20,-0.0324997769654311,-1.9876372892941463,1.884676057637055,-0.0324997769654311,-0.0324997769654311,-0.11288544524878627,-0.11288544524878627,-0.11288544524878627,-0.11288544524878627,-0.11288544524878627,-0.11288544524878627,0.0,0.0,0.0,-0.14538522221421737
2026-04-21,-0.03272029430411452,-2.152882252708518,1.7681992383251315,-0.03272029430411452,-0.03272029430411452,-0.08574930272730232,-0.08574930272730232,-0.08574930272730232,-0.08574930272730232,-0.08574930272730232,-0.08574930272730232,0.0,0.0,0.0,-0.11846959703141684
2026-04-22,-0.03294081164279796,-2.021195936721386,1.8688000694525186,-0.03294081164279796,-0.03294081164279796,-0.10483614545802275,-0.10483614545802275,-0.10483614545802275,-0.10483614545802275,-0.10483614545802275,-0.10483614545802275,0.0,0.0,0.0,-0.13777695710082072
2026-04-23,-0.0331613289814814,-1.9011616210657678,1.841354605802528,-0.0331613289814814,-0.0331613289814814,0.10415468979997487,0.10415468979997487,0.10415468979997487,0.10415468979997487,0.10415468979997487,0.10415468979997487,0.0,0.0,0.0,0.07099336081849347
2026-04-24,-0.03338184632016485,-1.9533055758668592,1.8487925836072374,-0.03338184632016485,-0.03338184632016485,-0.0494149438672265,-0.0494149438672265,-0.0494149438672265,-0.0494149438672265,-0.0494149438672265,-0.0494149438672265,0.0,0.0,0.0,-0.08279679018739136
2026-04-25,-0.03360236365884829,-1.7139467007054712,2.1956952477579055,-0.03360236365884829,-0.03360236365884829,0.27159334421776704,0.27159334421776704,0.27159334421776704,0.27159334421776704,0.27159334421776704,0.27159334421776704,0.0,0.0,0.0,0.23799098055891876
2026-04-26,-0.03382288099753173,-2.074364854767515,1.9356371371509196,-0.03382288099753173,-0.03382288099753173,-0.02286219671783004,-0.02286219671783004,-0.02286219671783004,-0.02286219671783004,-0.02286219671783004,-0.02286219671783004,0.0,0.0,0.0,-0.05668507771536177
2026-04-27,-0.03404339833621517,-2.173453384812914,1.6951123530200944,-0.03404339833621517,-0.03404339833621517,-0.11288544524818994,-0.11288544524818994,-0.11288544524818994,-0.11288544524818994,-0.11288544524818994,-0.11288544524818994,0.0,0.0,0.0,-0.1469288435844051
2026-04-28,-0.03426391567489861,-2.1160825453883088,1.828510757709238,-0.03426391567489861,-0.03426391567489861,-0.08574930272618393,-0.08574930272618393,-0.08574930272618393,-0.08574930272618393,-0.08574930272618393,-0.08574930272618393,0.0,0.0,0.0,-0.12001321840108253
2026-04-29,-0.03448443301358205,-2.032165487818377,1.8450193713546386,-0.03448443301358205,-0.03448443301358205,-0.10483614545813771,-0.10483614545813771,-0.10483614545813771,-0.10483614545813771,-0.10483614545813771,-0.10483614545813771,0.0,0.0,0.0,-0.13932057847171975
2026-04-30,-0.034704950352265486,-1.9632113531246267,1.8258240608688094,-0.034704950352265486,-0.034704950352265486,0.10415468979997933,0.10415468979997933,0.10415468979997933,0.10415468979997933,0.10415468979997933,0.10415468979997933,0.0,0.0,0.0,0.06944973944771385
2026-05-01,-0.03492546769094894,-1.942402001405285,1.8817713034475148,-0.03492546769094894,-0.03492546769094894,-0.04941494386712426,-0.04941494386712426,-0.04941494386712426,-0.04941494386712426,-0.04941494386712426,-0.04941494386712426,0.0,0.0,0.0,-0.0843404115580732
2026-05-02,-0.03514598502963238,-1.7276309337453493,2.319686003637686,-0.03514598502963238,-0.03514598502963238,0.2715933442180931,0.2715933442180931,0.2715933442180931,0.2715933442180931,0.2715933442180931,0.2715933442180931,0.0,0.0,0.0,0.23644735918846074
2026-05-03,-0.035366502368315816,-1.9871019058605086,2.024505313558246,-0.035366502368315816,-0.035366502368315816,-0.02286219671782251,-0.02286219671782251,-0.02286219671782251,-0.02286219671782251,-0.02286219671782251,-0.02286219671782251,0.0,0.0,0.0,-0.05822869908613833
2026-05-04,-0.03558701970699924,-2.0877603549810915,1.7575076459806482,-0.03558701970699924,-0.03558701970699924,-0.1128854452475936,-0.1128854452475936,-0.1128854452475936,-0.1128854452475936,-0.1128854452475936,-0.1128854452475936,0.0,0.0,0.0,-0.14847246495459285
2026-05-05,-0.03580753704568268,-1.9593111429406924,1.9133996780948594,-0.03580753704568268,-0.03580753704568268,-0.08574930272717905,-0.08574930272717905,-0.08574930272717905,-0.08574930272717905,-0.08574930272717905,-0.08574930272717905,0.0,0.0,0.0,-0.12155683977286173
2026-05-06,-0.03602805438436612,-1.9550525348034713,1.9171382053159396,-0.03602805438436612,-0.03602805438436612,-0.10483614545825265,-0.10483614545825265,-0.10483614545825265,-0.10483614545825265,-0.10483614545825265,-0.10483614545825265,0.0,0.0,0.0,-0.14086419984261878
2026-05-07,-0.03624857172304956,-1.8393526794942963,2.145403649868744,-0.03624857172304956,-0.03624857172304956,0.10415468980007522,0.10415468980007522,0.10415468980007522,0.10415468980007522,0.10415468980007522,0.10415468980007522,0.0,0.0,0.0,0.06790611807702567
2026-05-08,-0.036469089061733,-2.0638352850370456,1.8327078768987042,-0.036469089061733,-0.036469089061733,-0.04941494386705923,-0.04941494386705923,-0.04941494386705923,-0.04941494386705923,-0.04941494386705923,-0.04941494386705923,0.0,0.0,0.0,-0.08588403292879224
2026-05-09,-0.03668960640041577,-1.7101548611378168,2.2225378585315214,-0.03668960640041577,-0.03668960640041577,0.2715933442175884,0.2715933442175884,0.2715933442175884,0.2715933442175884,0.2715933442175884,0.2715933442175884,0.0,0.0,0.0,0.23490373781717264
2026-05-10,-0.03691012386132035,-1.9303009198485275,1.8877233079473505,-0.03691012386132035,-0.03691012386132035,-0.02286219671781499,-0.02286219671781499,-0.02286219671781499,-0.02286219671781499,-0.02286219671781499,-0.02286219671781499,0.0,0.0,0.0,-0.05977232057913534
2026-05-11,-0.03713064132222495,-2.121577149041054,1.9103489930878392,-0.03713064132222495,-0.03713064132222495,-0.11288544524872993,-0.11288544524872993,-0.11288544524872993,-0.11288544524872993,-0.11288544524872993,-0.11288544524872993,0.0,0.0,0.0,-0.1500160865709549
2026-05-12,-0.03735115878312953,-2.050851834197021,1.88187905098221,-0.03735115878312953,-0.03735115878312953,-0.08574930272691043,-0.08574930272691043,-0.08574930272691043,-0.08574930272691043,-0.08574930272691043,-0.08574930272691043,0.0,0.0,0.0,-0.12310046151003996
2026-05-13,-0.037571676244034125,-2.0386656179405938,1.7138592899040705,-0.037571676244034125,-0.037571676244034125,-0.10483614545770273,-0.10483614545770273,-0.10483614545770273,-0.10483614545770273,-0.10483614545770273,-0.10483614545770273,0.0,0.0,0.0,-0.14240782170173685
2026-05-14,-0.037792193704938706,-1.7382845645708638,1.866839572811069,-0.037792193704938706,-0.037792193704938706,0.10415468980017115,0.10415468980017115,0.10415468980017115,0.10415468980017115,0.10415468980017115,0.10415468980017115,0.0,0.0,0.0,0.06636249609523244
2026-05-15,-0.0380127111658433,-2.03474627569427,1.743197887001412,-0.0380127111658433,-0.0380127111658433,-0.0494149438669942,-0.0494149438669942,-0.0494149438669942,-0.0494149438669942,-0.0494149438669942,-0.0494149438669942,0.0,0.0,0.0,-0.0874276550328375
2026-05-16,-0.03823322862674789,-1.68297177754572,2.0731999666178393,-0.03823322862674789,-0.03823322862674789,0.27159334421788567,0.27159334421788567,0.27159334421788567,0.27159334421788567,0.27159334421788567,0.27159334421788567,0.0,0.0,0.0,0.23336011559113778
2026-05-17,-0.03845374608765246,-1.9413312957972917,1.8872787798334976,-0.03845374608765246,-0.03845374608765246,-0.02286219671780746,-0.02286219671780746,-0.02286219671780746,-0.02286219671780746,-0.02286219671780746,-0.02286219671780746,0.0,0.0,0.0,-0.06131594280545992
2026-05-18,-0.038674263548557054,-2.138625806691489,1.7560675440649869,-0.038674263548557054,-0.038674263548557054,-0.1128854452481336,-0.1128854452481336,-0.1128854452481336,-0.1128854452481336,-0.1128854452481336,-0.1128854452481336,0.0,0.0,0.0,-0.15155970879669065
2026-05-19,-0.03889478100946164,-1.9887974835876325,1.8251200590573655,-0.03889478100946164,-0.03889478100946164,-0.0857493027274916,-0.0857493027274916,-0.0857493027274916,-0.0857493027274916,-0.0857493027274916,-0.0857493027274916,0.0,0.0,0.0,-0.12464408373695324
2026-05-20,-0.03911529847036624,-1.8905349733036234,1.8829304687851514,-0.03911529847036624,-0.03911529847036624,-0.10483614545848259,-0.10483614545848259,-0.10483614545848259,-0.10483614545848259,-0.10483614545848259,-0.10483614545848259,0.0,0.0,0.0,-0.14395144392884884
2026-05-21,-0.039335815931270834,-1.9939674898492183,1.9117086821740334,-0.039335815931270834,-0.039335815931270834,0.1041546898001756,0.1041546898001756,0.1041546898001756,0.1041546898001756,0.1041546898001756,0.1041546898001756,0.0,0.0,0.0,0.06481887386890477
2026-05-22,-0.0395563333921754,-2.0326557657113553,1.9574115143673165,-0.0395563333921754,-0.0395563333921754,-0.049414943866854764,-0.049414943866854764,-0.049414943866854764,-0.049414943866854764,-0.049414943866854764,-0.049414943866854764,0.0,0.0,0.0,-0.08897127725903017
2026-05-23,-0.03977685085308,-1.6061034279153674,2.2350623502824245,-0.03977685085308,-0.03977685085308,0.27159334421779635,0.27159334421779635,0.27159334421779635,0.27159334421779635,0.27159334421779635,0.27159334421779635,0.0,0.0,0.0,0.23181649336471635
2026-05-24,-0.039997368313984594,-2.0849765817770725,1.8730233018082025,-0.039997368313984594,-0.039997368313984594,-0.022862196716949626,-0.022862196716949626,-0.022862196716949626,-0.022862196716949626,-0.022862196716949626,-0.022862196716949626,0.0,0.0,0.0,-0.06285956503093422
2026-05-25,-0.04021788577488919,-2.0483973529298445,1.6165387231960007,-0.04021788577488919,-0.04021788577488919,-0.11288544524840358,-0.11288544524840358,-0.11288544524840358,-0.11288544524840358,-0.11288544524840358,-0.11288544524840358,0.0,0.0,0.0,-0.15310333102329277
2026-05-26,-0.04043840323579376,-2.0397526374587036,1.8428687861064321,-0.04043840323579376,-0.04043840323579376,-0.08574930272807277,-0.08574930272807277,-0.08574930272807277,-0.08574930272807277,-0.08574930272807277,-0.08574930272807277,0.0,0.0,0.0,-0.12618770596386653
2026-05-27,-0.04065892069669835,-1.9786838201723902,1.8959877469763555,-0.04065892069669835,-0.04065892069669835,-0.1048361454581331,-0.1048361454581331,-0.1048361454581331,-0.1048361454581331,-0.1048361454581331,-0.1048361454581331,0.0,0.0,0.0,-0.14549506615483146
2026-05-28,-0.04087943815760295,-2.0163549162049264,2.0411866837790873,-0.04087943815760295,-0.04087943815760295,0.1041546898002715,0.1041546898002715,0.1041546898002715,0.1041546898002715,0.1041546898002715,0.1041546898002715,0.0,0.0,0.0,0.06327525164266855
2026-05-29,-0.041099955618507794,-2.0761992291885902,1.9558122118272212,-0.041099955618507794,-0.041099955618507794,-0.04941494386678971,-0.04941494386678971,-0.04941494386678971,-0.04941494386678971,-0.04941494386678971,-0.04941494386678971,0.0,0.0,0.0,-0.0905148994852975
2026-05-30,-0.041320472823164464,-1.621484041526101,2.187282608986623,-0.041320472823164464,-0.041320472823164464,0.27159334421812237,0.27159334421812237,0.27159334421812237,0.27159334421812237,0.27159334421812237,0.27159334421812237,0.0,0.0,0.0,0.2302728713949579
2026-05-31,-0.041540990027821134,-2.0650413032981816,1.812267443149987,-0.041540990027821134,-0.041540990027821134,-0.022862196716942083,-0.022862196716942083,-0.022862196716942083,-0.022862196716942083,-0.022862196716942083,-0.022862196716942083,0.0,0.0,0.0,-0.06440318674476322
2026-06-01,-0.04176150723247781,-2.124070814322813,1.662276333426412,-0.04176150723247781,-0.04176150723247781,-0.11288544524827274,-0.11288544524827274,-0.11288544524827274,-0.11288544524827274,-0.11288544524827274,-0.11288544524827274,0.0,0.0,0.0,-0.15464695248075055
2026-06-02,-0.04198202443713449,-2.1832360817633396,1.8125794434965912,-0.04198202443713449,-0.04198202443713449,-0.08574930272695439,-0.08574930272695439,-0.08574930272695439,-0.08574930272695439,-0.08574930272695439,-0.08574930272695439,0.0,0.0,0.0,-0.12773132716408886
2026-06-03,-0.04220254164179116,-1.9495271988112424,1.8180508050066484,-0.04220254164179116,-0.04220254164179116,-0.10483614545891297,-0.10483614545891297,-0.10483614545891297,-0.10483614545891297,-0.10483614545891297,-0.10483614545891297,0.0,0.0,0.0,-0.1470386871007041
2026-06-04,-0.04242305884644783,-1.818139598410555,2.0975328533854465,-0.04242305884644783,-0.04242305884644783,0.10415468980001906,0.10415468980001906,0.10415468980001906,0.10415468980001906,0.10415468980001906,0.10415468980001906,0.0,0.0,0.0,0.06173163095357123
2026-06-05,-0.042643576051104505,-2.104563410188076,1.8092177053420866,-0.042643576051104505,-0.042643576051104505,-0.04941494386668748,-0.04941494386668748,-0.04941494386668748,-0.04941494386668748,-0.04941494386668748,-0.04941494386668748,0.0,0.0,0.0,-0.09205851991779199
2026-06-06,-0.0428640932557612,-1.922501163616888,2.1409956249642508,-0.0428640932557612,-0.0428640932557612,0.2715933442184485,0.2715933442184485,0.2715933442184485,0.2715933442184485,0.2715933442184485,0.2715933442184485,0.0,0.0,0.0,0.22872925096268729
2026-06-07,-0.04308461046041788,-2.047389117490354,1.7922626366517829,-0.04308461046041788,-0.04308461046041788,-0.022862196717645868,-0.022862196717645868,-0.022862196717645868,-0.022862196717645868,-0.022862196717645868,-0.022862196717645868,0.0,0.0,0.0,-0.06594680717806375
2026-06-08,-0.04330512766507455,-2.0501902974375734,1.8469343884800737,-0.04330512766507455,-0.04330512766507455,-0.11288544524854273,-0.11288544524854273,-0.11288544524854273,-0.11288544524854273,-0.11288544524854273,-0.11288544524854273,0.0,0.0,0.0,-0.15619057291361726
2026-06-09,-0.04352564486973122,-2.066570963671991,1.8523983837892262,-0.04352564486973122,-0.04352564486973122,-0.08574930272753556,-0.08574930272753556,-0.08574930272753556,-0.08574930272753556,-0.08574930272753556,-0.08574930272753556,0.0,0.0,0.0,-0.12927494759726676
2026-06-10,-0.0437461620743879,-2.186664089727883,1.8037037547602015,-0.0437461620743879,-0.0437461620743879,-0.10483614545836303,-0.10483614545836303,-0.10483614545836303,-0.10483614545836303,-0.10483614545836303,-0.10483614545836303,0.0,0.0,0.0,-0.14858230753275092
2026-06-11,-0.043966679279044574,-1.9390239046727742,1.908818140245125,-0.043966679279044574,-0.043966679279044574,0.10415468980011496,0.10415468980011496,0.10415468980011496,0.10415468980011496,0.10415468980011496,0.10415468980011496,0.0,0.0,0.0,0.06018801052107038
2026-06-12,-0.044187196483701244,-2.0117910416632845,1.762718555187454,-0.044187196483701244,-0.044187196483701244,-0.04941494386710169,-0.04941494386710169,-0.04941494386710169,-0.04941494386710169,-0.04941494386710169,-0.04941494386710169,0.0,0.0,0.0,-0.09360214035080294
2026-06-13,-0.044407713688357914,-1.8524211325298698,2.135876532299724,-0.044407713688357914,-0.044407713688357914,0.2715933442179438,0.2715933442179438,0.2715933442179438,0.2715933442179438,0.2715933442179438,0.2715933442179438,0.0,0.0,0.0,0.22718563052958587
2026-06-14,-0.04462823089301459,-2.0564466746280194,1.9232218727515158,-0.04462823089301459,-0.04462823089301459,-0.022862196716927033,-0.022862196716927033,-0.022862196716927033,-0.022862196716927033,-0.022862196716927033,-0.022862196716927033,0.0,0.0,0.0,-0.06749042760994162
2026-06-15,-0.04484874809767127,-2.203892918791519,1.6710643533217415,-0.04484874809767127,-0.04484874809767127,-0.11288544524794641,-0.11288544524794641,-0.11288544524794641,-0.11288544524794641,-0.11288544524794641,-0.11288544524794641,0.0,0.0,0.0,-0.15773419334561767
2026-06-16,-0.04506926530232794,-1.9539970605180865,1.9457828964492379,-0.04506926530232794,-0.04506926530232794,-0.08574930272726695,-0.08574930272726695,-0.08574930272726695,-0.08574930272726695,-0.08574930272726695,-0.08574930272726695,0.0,0.0,0.0,-0.1308185680295949
2026-06-17,-0.04528978250698461,-2.025897235612506,1.7140798237423598,-0.04528978250698461,-0.04528978250698461,-0.10483614545867848,-0.10483614545867848,-0.10483614545867848,-0.10483614545867848,-0.10483614545867848,-0.10483614545867848,0.0,0.0,0.0,-0.1501259279656631
2026-06-18,-0.045510299711641285,-1.916442040295341,1.8778841644544098,-0.045510299711641285,-0.045510299711641285,0.10415468979986249,0.10415468979986249,0.10415468979986249,0.10415468979986249,0.10415468979986249,0.10415468979986249,0.0,0.0,0.0,0.058644390088221206
2026-06-19,-0.04573081691629796,-1.9699497673555497,1.895234098666863,-0.04573081691629796,-0.04573081691629796,-0.049414943866999426,-0.049414943866999426,-0.049414943866999426,-0.049414943866999426,-0.049414943866999426,-0.049414943866999426,0.0,0.0,0.0,-0.0951457607832974
2026-06-20,-0.04595133412095463,-1.8325951502616011,2.235910144383329,-0.04595133412095463,-0.04595133412095463,0.2715933442174102,0.2715933442174102,0.2715933442174102,0.2715933442174102,0.2715933442174102,0.2715933442174102,0.0,0.0,0.0,0.22564201009645557
2026-06-21,-0.0461718513256113,-2.0436562880245392,1.8068897534160737,-0.0461718513256113,-0.0461718513256113,-0.022862196717630814,-0.022862196717630814,-0.022862196717630814,-0.022862196717630814,-0.022862196717630814,-0.022862196717630814,0.0,0.0,0.0,-0.06903404804324212
2026-06-22,-0.04639236853026798,-2.055103137452073,1.8156480895263163,-0.04639236853026798,-0.04639236853026798,-0.11288544524821637,-0.11288544524821637,-0.11288544524821637,-0.11288544524821637,-0.11288544524821637,-0.11288544524821637,0.0,0.0,0.0,-0.15927781377848435
2026-06-23,-0.046612885734924656,-2.0175805366220985,1.7972216657420734,-0.046612885734924656,-0.046612885734924656,-0.0857493027274123,-0.0857493027274123,-0.0857493027274123,-0.0857493027274123,-0.0857493027274123,-0.0857493027274123,0.0,0.0,0.0,-0.13236218846233694
2026-06-24,-0.046833402939581326,-2.243583161357346,1.710896643018391,-0.046833402939581326,-0.046833402939581326,-0.10483614545879344,-0.10483614545879344,-0.10483614545879344,-0.10483614545879344,-0.10483614545879344,-0.10483614545879344,0.0,0.0,0.0,-0.15166954839837476
2026-06-25,-0.04705392014423802,-1.9499518089208514,1.9063383114268853,-0.04705392014423802,-0.04705392014423802,0.10415468980030676,0.10415468980030676,0.10415468980030676,0.10415468980030676,0.10415468980030676,0.10415468980030676,0.0,0.0,0.0,0.05710076965606874
2026-06-26,-0.04727443734889467,-2.0403076991421267,1.931354118362524,-0.04727443734889467,-0.04727443734889467,-0.04941494386693441,-0.04941494386693441,-0.04941494386693441,-0.04941494386693441,-0.04941494386693441,-0.04941494386693441,0.0,0.0,0.0,-0.09668938121582908
2026-06-27,-0.04749495455355135,-1.7063541943009695,2.1151664381069675,-0.04749495455355135,-0.04749495455355135,0.27159334421773634,0.27159334421773634,0.27159334421773634,0.27159334421773634,0.27159334421773634,0.27159334421773634,0.0,0.0,0.0,0.224098389664185
2026-06-28,-0.04771547175820802,-2.174086049510117,1.7215833007942736,-0.04771547175820802,-0.04771547175820802,-0.022862196716772993,-0.022862196716772993,-0.022862196716772993,-0.022862196716772993,-0.022862196716772993,-0.022862196716772993,0.0,0.0,0.0,-0.07057766847498101
2026-06-29,-0.04793598896286469,-2.2296297164497343,1.7654195157550707,-0.04793598896286469,-0.04793598896286469,-0.11288544524762005,-0.11288544524762005,-0.11288544524762005,-0.11288544524762005,-0.11288544524762005,-0.11288544524762005,0.0,0.0,0.0,-0.16082143421048473
2026-06-30,-0.04815650616752137,-2.1276107034094873,1.8367601734081842,-0.04815650616752137,-0.04815650616752137,-0.0857493027271437,-0.0857493027271437,-0.0857493027271437,-0.0857493027271437,-0.0857493027271437,-0.0857493027271437,0.0,0.0,0.0,-0.13390580889466508
2026-07-01,-0.048377023372178043,-2.169269069888551,1.7094958116708667,-0.048377023372178043,-0.048377023372178043,-0.10483614545890838,-0.10483614545890838,-0.10483614545890838,-0.10483614545890838,-0.10483614545890838,-0.10483614545890838,0.0,0.0,0.0,-0.15321316883108643
2026-07-02,-0.04859754057683474,-1.9004727997244826,2.0162068859548974,-0.04859754057683474,-0.04859754057683474,0.10415468980005431,0.10415468980005431,0.10415468980005431,0.10415468980005431,0.10415468980005431,0.10415468980005431,0.0,0.0,0.0,0.05555714922321957
2026-07-03,-0.04881805778149141,-1.9908448413536382,1.8716778129188336,-0.04881805778149141,-0.04881805778149141,-0.04941494386683215,-0.04941494386683215,-0.04941494386683215,-0.04941494386683215,-0.04941494386683215,-0.04941494386683215,0.0,0.0,0.0,-0.09823300164832356
2026-07-04,-0.04903857498614808,-1.6592069269205423,2.2019736370087344,-0.04903857498614808,-0.04903857498614808,0.27159334421806236,0.27159334421806236,0.27159334421806236,0.27159334421806236,0.27159334421806236,0.27159334421806236,0.0,0.0,0.0,0.22255476923191428
2026-07-05,-0.04925909219080476,-2.1633198867414483,1.8620860927086051,-0.04925909219080476,-0.04925909219080476,-0.02286219671676545,-0.02286219671676545,-0.02286219671676545,-0.02286219671676545,-0.02286219671676545,-0.02286219671676545,0.0,0.0,0.0,-0.0721212889075702
2026-07-06,-0.049479609395461435,-2.1374143681423345,1.8016620249163149,-0.049479609395461435,-0.049479609395461435,-0.11288544524875635,-0.11288544524875635,-0.11288544524875635,-0.11288544524875635,-0.11288544524875635,-0.11288544524875635,0.0,0.0,0.0,-0.1623650546442178
2026-07-07,-0.049700126600118105,-2.0922246192663883,1.7917293212464291,-0.049700126600118105,-0.049700126600118105,-0.08574930272687509,-0.08574930272687509,-0.08574930272687509,-0.08574930272687509,-0.08574930272687509,-0.08574930272687509,0.0,0.0,0.0,-0.1354494293269932
2026-07-08,-0.049920643804774775,-1.9980074996922788,1.7393149239540964,-0.049920643804774775,-0.049920643804774775,-0.10483614545835845,-0.10483614545835845,-0.10483614545835845,-0.10483614545835845,-0.10483614545835845,-0.10483614545835845,0.0,0.0,0.0,-0.15475678926313324
2026-07-09,-0.05014116100943143,-1.848467588747323,1.95674805255036,-0.05014116100943143,-0.05014116100943143,0.10415468980005876,0.10415468980005876,0.10415468980005876,0.10415468980005876,0.10415468980005876,0.10415468980005876,0.0,0.0,0.0,0.05401352879062733
2026-07-10,-0.05036167821408813,-2.034437548375658,1.8199215479850954,-0.05036167821408813,-0.05036167821408813,-0.04941494386676712,-0.04941494386676712,-0.04941494386676712,-0.04941494386676712,-0.04941494386676712,-0.04941494386676712,0.0,0.0,0.0,-0.09977662208085525
2026-07-11,-0.0505821954187448,-1.7765815783863343,2.0414147217945193,-0.0505821954187448,-0.0505821954187448,0.27159334421797304,0.27159334421797304,0.27159334421797304,0.27159334421797304,0.27159334421797304,0.27159334421797304,0.0,0.0,0.0,0.22101114879922823
2026-07-12,-0.05080271262340147,-1.9759340520054218,1.986438397466186,-0.05080271262340147,-0.05080271262340147,-0.022862196716757918,-0.022862196716757918,-0.022862196716757918,-0.022862196716757918,-0.022862196716757918,-0.022862196716757918,0.0,0.0,0.0,-0.07366490934015939
2026-07-13,-0.051023229828058146,-2.2247831871132453,1.9566142059871259,-0.051023229828058146,-0.051023229828058146,-0.11288544524816002,-0.11288544524816002,-0.11288544524816002,-0.11288544524816002,-0.11288544524816002,-0.11288544524816002,0.0,0.0,0.0,-0.16390867507621817
2026-07-14,-0.05124374703271482,-2.0768037067031426,1.7283969498845897,-0.05124374703271482,-0.05124374703271482,-0.08574930272702042,-0.08574930272702042,-0.08574930272702042,-0.08574930272702042,-0.08574930272702042,-0.08574930272702042,0.0,0.0,0.0,-0.13699304975973525
2026-07-15,-0.05146426423737149,-2.13626477260035,1.8379664118869445,-0.05146426423737149,-0.05146426423737149,-0.10483614545780849,-0.10483614545780849,-0.10483614545780849,-0.10483614545780849,-0.10483614545780849,-0.10483614545780849,0.0,0.0,0.0,-0.15630040969518
2026-07-16,-0.05168478144202816,-1.7791615513915178,1.996625638062052,-0.05168478144202816,-0.05168478144202816,0.10415468980015466,0.10415468980015466,0.10415468980015466,0.10415468980015466,0.10415468980015466,0.10415468980015466,0.0,0.0,0.0,0.052469908358126496
2026-07-17,-0.05190529864668484,-2.0018117221602227,1.8035335359651863,-0.05190529864668484,-0.05190529864668484,-0.04941494386710689,-0.04941494386710689,-0.04941494386710689,-0.04941494386710689,-0.04941494386710689,-0.04941494386710689,0.0,0.0,0.0,-0.10132024251379174
2026-07-18,-0.05212581585134152,-1.6905153653370628,2.3016568348274173,-0.05212581585134152,-0.05212581585134152,0.2715933442178837,0.2715933442178837,0.2715933442178837,0.2715933442178837,0.2715933442178837,0.2715933442178837,0.0,0.0,0.0,0.2194675283665422
2026-07-19,-0.05234633305599819,-1.920008251464461,1.913506819017197,-0.05234633305599819,-0.05234633305599819,-0.022862196717461692,-0.022862196717461692,-0.022862196717461692,-0.022862196717461692,-0.022862196717461692,-0.022862196717461692,0.0,0.0,0.0,-0.07520852977345988
2026-07-20,-0.05256685026065486,-2.044606959204244,1.8761730426569996,-0.05256685026065486,-0.05256685026065486,-0.1128854452480292,-0.1128854452480292,-0.1128854452480292,-0.1128854452480292,-0.1128854452480292,-0.1128854452480292,0.0,0.0,0.0,-0.16545229550868407
2026-07-21,-0.052787367465311555,-2.0782656633227994,1.7643046138106473,-0.052787367465311555,-0.052787367465311555,-0.0857493027276016,-0.0857493027276016,-0.0857493027276016,-0.0857493027276016,-0.0857493027276016,-0.0857493027276016,0.0,0.0,0.0,-0.13853667019291316
2026-07-22,-0.05300788466996821,-2.1718562466535296,1.657759356604101,-0.05300788466996821,-0.05300788466996821,-0.10483614545792344,-0.10483614545792344,-0.10483614545792344,-0.10483614545792344,-0.10483614545792344,-0.10483614545792344,0.0,0.0,0.0,-0.15784403012789167
2026-07-23,-0.05322840187462488,-1.913002799443919,2.005371122119988,-0.05322840187462488,-0.05322840187462488,0.10415468980025056,0.10415468980025056,0.10415468980025056,0.10415468980025056,0.10415468980025056,0.10415468980025056,0.0,0.0,0.0,0.050926287925625674
2026-07-24,-0.05344891907928155,-2.0941351676949744,1.9015125897976752,-0.05344891907928155,-0.05344891907928155,-0.04941494386704185,-0.04941494386704185,-0.04941494386704185,-0.04941494386704185,-0.04941494386704185,-0.04941494386704185,0.0,0.0,0.0,-0.10286386294632341
2026-07-25,-0.05366943628393823,-1.665467410043422,2.226763006945197,-0.05366943628393823,-0.05366943628393823,0.2715933442177656,0.2715933442177656,0.2715933442177656,0.2715933442177656,0.2715933442177656,0.2715933442177656,0.0,0.0,0.0,0.21792390793382738
2026-07-26,-0.053889953488594905,-2.0531297153954533,1.8765207978374199,-0.053889953488594905,-0.053889953488594905,-0.022862196718165462,-0.022862196718165462,-0.022862196718165462,-0.022862196718165462,-0.022862196718165462,-0.022862196718165462,0.0,0.0,0.0,-0.07675215020676036
2026-07-27,-0.054110470693251575,-2.1133948037594195,1.815187901905892,-0.054110470693251575,-0.054110470693251575,-0.11288544524829919,-0.11288544524829919,-0.11288544524829919,-0.11288544524829919,-0.11288544524829919,-0.11288544524829919,0.0,0.0,0.0,-0.16699591594155078
2026-07-28,-0.054330987897908245,-2.239962994002712,1.890471027563649,-0.054330987897908245,-0.054330987897908245,-0.0857493027264832,-0.0857493027264832,-0.0857493027264832,-0.0857493027264832,-0.0857493027264832,-0.0857493027264832,0.0,0.0,0.0,-0.14008029062439145
2026-07-29,-0.05455150510256494,-1.988928051375808,1.858303467713816,-0.05455150510256494,-0.05455150510256494,-0.10483614545803838,-0.10483614545803838,-0.10483614545803838,-0.10483614545803838,-0.10483614545803838,-0.10483614545803838,0.0,0.0,0.0,-0.15938765056060333
2026-07-30,-0.05477202230722162,-1.949340280170152,1.9586686642154765,-0.05477202230722162,-0.05477202230722162,0.10415468979999813,0.10415468979999813,0.10415468979999813,0.10415468979999813,0.10415468979999813,0.10415468979999813,0.0,0.0,0.0,0.04938266749277651
2026-07-31,-0.0549925395118783,-1.9236141852461084,1.89578600257573,-0.0549925395118783,-0.0549925395118783,-0.049414943866939634,-0.049414943866939634,-0.049414943866939634,-0.049414943866939634,-0.049414943866939634,-0.049414943866939634,0.0,0.0,0.0,-0.10440748337881793
2026-08-01,-0.05521305671653497,-1.8042829364599773,2.1524426421360254,-0.05521305671653497,-0.05521305671653497,0.2715933442180916,0.2715933442180916,0.2715933442180916,0.2715933442180916,0.2715933442180916,0.2715933442180916,0.0,0.0,0.0,0.21638028750155663
2026-08-02,-0.05543357392119164,-2.0358750504368675,1.8857500889540768,-0.05543357392119164,-0.05543357392119164,-0.022862196718157944,-0.022862196718157944,-0.022862196718157944,-0.022862196718157944,-0.022862196718157944,-0.022862196718157944,0.0,0.0,0.0,-0.07829577063934959
2026-08-03,-0.055654091125848314,-2.084815081319419,1.820482143294847,-0.055654091125848314,-0.055654091125848314,-0.11288544524856915,-0.11288544524856915,-0.11288544524856915,-0.11288544524856915,-0.11288544524856915,-0.11288544524856915,0.0,0.0,0.0,-0.16853953637441746
2026-08-04,-0.05587460833050496,-2.165815317095442,1.8263291080727888,-0.05587460833050496,-0.05587460833050496,-0.08574930272706441,-0.08574930272706441,-0.08574930272706441,-0.08574930272706441,-0.08574930272706441,-0.08574930272706441,0.0,0.0,0.0,-0.14162391105756938
2026-08-05,-0.05609512553516166,-2.1418088361593477,1.624553063193007,-0.05609512553516166,-0.05609512553516166,-0.10483614545835383,-0.10483614545835383,-0.10483614545835383,-0.10483614545835383,-0.10483614545835383,-0.10483614545835383,0.0,0.0,0.0,-0.1609312709935155
2026-08-06,-0.05631564273981833,-2.087515495829658,1.9755181453249968,-0.05631564273981833,-0.05631564273981833,0.10415468979974568,0.10415468979974568,0.10415468979974568,0.10415468979974568,0.10415468979974568,0.10415468979974568,0.0,0.0,0.0,0.04783904705992735
2026-08-07,-0.05653615994447501,-2.006180218146745,1.8711672500589633,-0.05653615994447501,-0.05653615994447501,-0.04941494386687458,-0.04941494386687458,-0.04941494386687458,-0.04941494386687458,-0.04941494386687458,-0.04941494386687458,0.0,0.0,0.0,-0.10595110381134959
2026-08-08,-0.056756677149131685,-1.7192942503502737,2.093998392465354,-0.056756677149131685,-0.056756677149131685,0.2715933442175869,0.2715933442175869,0.2715933442175869,0.2715933442175869,0.2715933442175869,0.2715933442175869,0.0,0.0,0.0,0.21483666706845522
2026-08-09,-0.056977194353788355,-2.1788538766459378,1.923513482350825,-0.056977194353788355,-0.056977194353788355,-0.022862196718150422,-0.022862196718150422,-0.022862196718150422,-0.022862196718150422,-0.022862196718150422,-0.022862196718150422,0.0,0.0,0.0,-0.07983939107193877
2026-08-10,-0.057197711558445025,-2.090967730166109,1.8419129252394002,-0.057197711558445025,-0.057197711558445025,-0.11288544524843833,-0.11288544524843833,-0.11288544524843833,-0.11288544524843833,-0.11288544524843833,-0.11288544524843833,0.0,0.0,0.0,-0.17008315680688335
2026-08-11,-0.0574182287631017,-1.9999687496166378,1.8822572713844241,-0.0574182287631017,-0.0574182287631017,-0.0857493027267958,-0.0857493027267958,-0.0857493027267958,-0.0857493027267958,-0.0857493027267958,-0.0857493027267958,0.0,0.0,0.0,-0.1431675314898975
2026-08-12,-0.05763874596775838,-2.066928895664788,1.9108817657335808,-0.05763874596775838,-0.05763874596775838,-0.10483614545780387,-0.10483614545780387,-0.10483614545780387,-0.10483614545780387,-0.10483614545780387,-0.10483614545780387,0.0,0.0,0.0,-0.16247489142556226
2026-08-13,-0.05785926317241505,-1.9457074301703359,2.039579849756338,-0.05785926317241505,-0.05785926317241505,0.10415468979984159,0.10415468979984159,0.10415468979984159,0.10415468979984159,0.10415468979984159,0.10415468979984159,0.0,0.0,0.0,0.04629542662742654
2026-08-14,-0.05807978037707172,-1.9477660989983128,1.728083124727171,-0.05807978037707172,-0.05807978037707172,-0.04941494386677235,-0.04941494386677235,-0.04941494386677235,-0.04941494386677235,-0.04941494386677235,-0.04941494386677235,0.0,0.0,0.0,-0.10749472424384407
2026-08-15,-0.058300297581728396,-1.7321635876184969,2.1283061387587536,-0.058300297581728396,-0.058300297581728396,0.271593344217913,0.271593344217913,0.271593344217913,0.271593344217913,0.271593344217913,0.271593344217913,0.0,0.0,0.0,0.2132930466361846
2026-08-16,-0.05852081478638507,-1.9989517283306384,2.009116852339006,-0.05852081478638507,-0.05852081478638507,-0.02286219671729258,-0.02286219671729258,-0.02286219671729258,-0.02286219671729258,-0.02286219671729258,-0.02286219671729258,0.0,0.0,0.0,-0.08138301150367766
2026-08-17,-0.05874133199104174,-2.227022118974855,1.7715283943233904,-0.05874133199104174,-0.05874133199104174,-0.11288544524870833,-0.11288544524870833,-0.11288544524870833,-0.11288544524870833,-0.11288544524870833,-0.11288544524870833,0.0,0.0,0.0,-0.17162677723975006
2026-08-18,-0.05896184919569841,-2.1663680041647564,1.9566081037940781,-0.05896184919569841,-0.05896184919569841,-0.08574930272737694,-0.08574930272737694,-0.08574930272737694,-0.08574930272737694,-0.08574930272737694,-0.08574930272737694,0.0,0.0,0.0,-0.14471115192307535
2026-08-19,-0.05918236640035509,-2.231673670371664,1.7577743331634503,-0.05918236640035509,-0.05918236640035509,-0.10483614545858375,-0.10483614545858375,-0.10483614545858375,-0.10483614545858375,-0.10483614545858375,-0.10483614545858375,0.0,0.0,0.0,-0.16401851185893884
2026-08-20,-0.059402883605011766,-1.8585220945991234,2.1765867039849383,-0.059402883605011766,-0.059402883605011766,0.10415468980054274,0.10415468980054274,0.10415468980054274,0.10415468980054274,0.10415468980054274,0.10415468980054274,0.0,0.0,0.0,0.04475180619553097
2026-08-21,-0.059623400809668436,-1.965434047880022,1.9933970224881665,-0.059623400809668436,-0.059623400809668436,-0.049414943867186534,-0.049414943867186534,-0.049414943867186534,-0.049414943867186534,-0.049414943867186534,-0.049414943867186534,0.0,0.0,0.0,-0.10903834467685497
2026-08-22,-0.059843918014325106,-1.6579615360025768,2.31480073312864,-0.059843918014325106,-0.059843918014325106,0.27159334421782366,0.27159334421782366,0.27159334421782366,0.27159334421782366,0.27159334421782366,0.27159334421782366,0.0,0.0,0.0,0.21174942620349857
2026-08-23,-0.06006443521898178,-1.9994484113408737,1.9031297312536168,-0.06006443521898178,-0.06006443521898178,-0.022862196717996365,-0.022862196717996365,-0.022862196717996365,-0.022862196717996365,-0.022862196717996365,-0.022862196717996365,0.0,0.0,0.0,-0.08292663193697815
2026-08-24,-0.06028495242363848,-2.158292717084226,1.7163019123319638,-0.06028495242363848,-0.06028495242363848,-0.11288544524811199,-0.11288544524811199,-0.11288544524811199,-0.11288544524811199,-0.11288544524811199,-0.11288544524811199,0.0,0.0,0.0,-0.17317039767175046
2026-08-25,-0.06050546962829516,-2.230501770911564,1.7473592164849179,-0.06050546962829516,-0.06050546962829516,-0.08574930272710835,-0.08574930272710835,-0.08574930272710835,-0.08574930272710835,-0.08574930272710835,-0.08574930272710835,0.0,0.0,0.0,-0.14625477235540352
2026-08-26,-0.06072598683295183,-2.3151500716162765,1.730098390406067,-0.06072598683295183,-0.06072598683295183,-0.1048361454580338,-0.1048361454580338,-0.1048361454580338,-0.1048361454580338,-0.1048361454580338,-0.1048361454580338,0.0,0.0,0.0,-0.16556213229098563
2026-08-27,-0.0609465040376085,-1.9105639709069109,2.049901438669703,-0.0609465040376085,-0.0609465040376085,0.10415468980029027,0.10415468980029027,0.10415468980029027,0.10415468980029027,0.10415468980029027,0.10415468980029027,0.0,0.0,0.0,0.043208185762681775
2026-08-28,-0.061167021242265175,-2.0838378413610377,1.9109434149686622,-0.061167021242265175,-0.061167021242265175,-0.0494149438670843,-0.0494149438670843,-0.0494149438670843,-0.0494149438670843,-0.0494149438670843,-0.0494149438670843,0.0,0.0,0.0,-0.11058196510934948
2026-08-29,-0.06138753844692185,-1.712787572103965,2.118038415444339,-0.06138753844692185,-0.06138753844692185,0.2715933442181497,0.2715933442181497,0.2715933442181497,0.2715933442181497,0.2715933442181497,0.2715933442181497,0.0,0.0,0.0,0.21020580577122783
2026-08-30,-0.06160805565157852,-2.076442716573773,2.0731490634785574,-0.06160805565157852,-0.06160805565157852,-0.022862196717277516,-0.022862196717277516,-0.022862196717277516,-0.022862196717277516,-0.022862196717277516,-0.022862196717277516,0.0,0.0,0.0,-0.08447025236885604
2026-08-31,-0.06182857285623519,-2.171063616033984,1.852342418833538,-0.06182857285623519,-0.06182857285623519,-0.11288544524924832,-0.11288544524924832,-0.11288544524924832,-0.11288544524924832,-0.11288544524924832,-0.11288544524924832,0.0,0.0,0.0,-0.1747140181054835
2026-09-01,-0.06204909006089187,-2.020957788462142,1.7783762889624584,-0.06204909006089187,-0.06204909006089187,-0.08574930272725369,-0.08574930272725369,-0.08574930272725369,-0.08574930272725369,-0.08574930272725369,-0.08574930272725369,0.0,0.0,0.0,-0.14779839278814555
2026-09-02,-0.062269607265548546,-2.2042130118502317,1.6634618458064643,-0.062269607265548546,-0.062269607265548546,-0.10483614545814876,-0.10483614545814876,-0.10483614545814876,-0.10483614545814876,-0.10483614545814876,-0.10483614545814876,0.0,0.0,0.0,-0.16710575272369732
2026-09-03,-0.062490124470205216,-1.9094840031512252,1.954280566059395,-0.062490124470205216,-0.062490124470205216,0.10415468980003784,0.10415468980003784,0.10415468980003784,0.10415468980003784,0.10415468980003784,0.10415468980003784,0.0,0.0,0.0,0.04166456532983262
2026-09-04,-0.06271064167486189,-2.168132009032403,1.8784380225947037,-0.06271064167486189,-0.06271064167486189,-0.04941494386701928,-0.04941494386701928,-0.04941494386701928,-0.04941494386701928,-0.04941494386701928,-0.04941494386701928,0.0,0.0,0.0,-0.11212558554188116
2026-09-05,-0.06293115887951856,-1.8458371475250517,2.275604103339908,-0.06293115887951856,-0.06293115887951856,0.27159334421806036,0.27159334421806036,0.27159334421806036,0.27159334421806036,0.27159334421806036,0.27159334421806036,0.0,0.0,0.0,0.2086621853385418
2026-09-06,-0.06315167608417524,-1.9759449297957936,1.8912294090571267,-0.06315167608417524,-0.06315167608417524,-0.022862196717131,-0.022862196717131,-0.022862196717131,-0.022862196717131,-0.022862196717131,-0.022862196717131,0.0,0.0,0.0,-0.08601387280130623
2026-09-07,-0.06337219328883191,-1.9454376397579787,1.8465076060785526,-0.06337219328883191,-0.06337219328883191,-0.11288544524865196,-0.11288544524865196,-0.11288544524865196,-0.11288544524865196,-0.11288544524865196,-0.11288544524865196,0.0,0.0,0.0,-0.17625763853748388
2026-09-08,-0.06359271049348858,-2.0598885146245847,1.8451598501258308,-0.06359271049348858,-0.06359271049348858,-0.0857493027269851,-0.0857493027269851,-0.0857493027269851,-0.0857493027269851,-0.0857493027269851,-0.0857493027269851,0.0,0.0,0.0,-0.1493420132204737
2026-09-09,-0.06381322769814526,-2.1375259700286278,1.8326513050481401,-0.06381322769814526,-0.06381322769814526,-0.10483614545759881,-0.10483614545759881,-0.10483614545759881,-0.10483614545759881,-0.10483614545759881,-0.10483614545759881,0.0,0.0,0.0,-0.16864937315574408
2026-09-10,-0.06403374490280193,-1.8622082596042508,1.9379998026786562,-0.06403374490280193,-0.06403374490280193,0.10415468980013375,0.10415468980013375,0.10415468980013375,0.10415468980013375,0.10415468980013375,0.10415468980013375,0.0,0.0,0.0,0.04012094489733181
2026-09-11,-0.0642542621074586,-2.1478783658400387,1.7455394612386879,-0.0642542621074586,-0.0642542621074586,-0.04941494386687984,-0.04941494386687984,-0.04941494386687984,-0.04941494386687984,-0.04941494386687984,-0.04941494386687984,0.0,0.0,0.0,-0.11366920597433844
2026-09-12,-0.0644747793121153,-1.7189970824130791,2.1853884166863238,-0.0644747793121153,-0.0644747793121153,0.27159334421794223,0.27159334421794223,0.27159334421794223,0.27159334421794223,0.27159334421794223,0.27159334421794223,0.0,0.0,0.0,0.20711856490582692
2026-09-13,-0.06469529651677194,-2.0751530840719146,1.7364603672213632,-0.06469529651677194,-0.06469529651677194,-0.02286219671641216,-0.02286219671641216,-0.02286219671641216,-0.02286219671641216,-0.02286219671641216,-0.02286219671641216,0.0,0.0,0.0,-0.0875574932331841
2026-09-14,-0.06491581372142863,-2.173190446796483,1.673336802540561,-0.06491581372142863,-0.06491581372142863,-0.11288544524805562,-0.11288544524805562,-0.11288544524805562,-0.11288544524805562,-0.11288544524805562,-0.11288544524805562,0.0,0.0,0.0,-0.17780125896948423
2026-09-15,-0.0651363309260853,-2.1742166834047834,1.8044288053720072,-0.0651363309260853,-0.0651363309260853,-0.0857493027275663,-0.0857493027275663,-0.0857493027275663,-0.0857493027275663,-0.0857493027275663,-0.0857493027275663,0.0,0.0,0.0,-0.1508856336536516
2026-09-16,-0.06535684813074197,-1.976800498476175,1.7541122002453025,-0.06535684813074197,-0.06535684813074197,-0.10483614545857915,-0.10483614545857915,-0.10483614545857915,-0.10483614545857915,-0.10483614545857915,-0.10483614545857915,0.0,0.0,0.0,-0.1701929935893211
2026-09-17,-0.06557736533539865,-1.8190569873624622,1.9041960309621073,-0.06557736533539865,-0.06557736533539865,0.10415468979978985,0.10415468979978985,0.10415468979978985,0.10415468979978985,0.10415468979978985,0.10415468979978985,0.0,0.0,0.0,0.0385773244643912
2026-09-18,-0.06579788254005532,-2.218114795765938,1.7062478187788785,-0.06579788254005532,-0.06579788254005532,-0.0494149438668148,-0.0494149438668148,-0.0494149438668148,-0.0494149438668148,-0.0494149438668148,-0.0494149438668148,0.0,0.0,0.0,-0.11521282640687013
2026-09-19,-0.06601839974471202,-1.712997448924769,2.098405131420927,-0.06601839974471202,-0.06601839974471202,0.2715933442178529,0.2715933442178529,0.2715933442178529,0.2715933442178529,0.2715933442178529,0.2715933442178529,0.0,0.0,0.0,0.2055749444731409
2026-09-20,-0.06623891694936869,-2.0144501471878953,1.8812125231386718,-0.06623891694936869,-0.06623891694936869,-0.022862196717115948,-0.022862196717115948,-0.022862196717115948,-0.022862196717115948,-0.022862196717115948,-0.022862196717115948,0.0,0.0,0.0,-0.08910111366648464
2026-09-21,-0.06645943415402536,-2.077160609752117,1.7529647827413894,-0.06645943415402536,-0.06645943415402536,-0.11288544524832561,-0.11288544524832561,-0.11288544524832561,-0.11288544524832561,-0.11288544524832561,-0.11288544524832561,0.0,0.0,0.0,-0.17934487940235097
2026-09-22,-0.06667995135868204,-2.2960300169625665,1.7399044912734671,-0.06667995135868204,-0.06667995135868204,-0.08574930272644792,-0.08574930272644792,-0.08574930272644792,-0.08574930272644792,-0.08574930272644792,-0.08574930272644792,0.0,0.0,0.0,-0.15242925408512997
2026-09-23,-0.06690046856333871,-2.2289807669603365,1.75668254698107,-0.06690046856333871,-0.06690046856333871,-0.10483614545869412,-0.10483614545869412,-0.10483614545869412,-0.10483614545869412,-0.10483614545869412,-0.10483614545869412,0.0,0.0,0.0,-0.17173661402203283
2026-09-24,-0.06712098576799538,-1.9348186477297402,1.97815902829899,-0.06712098576799538,-0.06712098576799538,0.10415468980023412,0.10415468980023412,0.10415468980023412,0.10415468980023412,0.10415468980023412,0.10415468980023412,0.0,0.0,0.0,0.03703370403223874
2026-09-25,-0.06734150297265205,-2.1164549765625855,1.9931153895469664,-0.06734150297265205,-0.06734150297265205,-0.049414943866749765,-0.049414943866749765,-0.049414943866749765,-0.049414943866749765,-0.049414943866749765,-0.049414943866749765,0.0,0.0,0.0,-0.11675644683940181
2026-09-26,-0.06756202017730871,-1.6722388108751334,2.221649793249532,-0.06756202017730871,-0.06756202017730871,0.271593344218179,0.271593344218179,0.271593344218179,0.271593344218179,0.271593344218179,0.271593344218179,0.0,0.0,0.0,0.20403132404087027
2026-09-27,-0.06778253738196541,-1.8968625650039632,1.730982579657953,-0.06778253738196541,-0.06778253738196541,-0.0228621967171084,-0.0228621967171084,-0.0228621967171084,-0.0228621967171084,-0.0228621967171084,-0.0228621967171084,0.0,0.0,0.0,-0.09064473409907381
2026-09-28,-0.06800305458662208,-2.20756731852411,1.7654427523425884,-0.06800305458662208,-0.06800305458662208,-0.11288544524732846,-0.11288544524732846,-0.11288544524732846,-0.11288544524732846,-0.11288544524732846,-0.11288544524732846,0.0,0.0,0.0,-0.18088849983395056
2026-09-29,-0.06822357179127875,-1.9163701956079529,1.9278115544453318,-0.06822357179127875,-0.06822357179127875,-0.08574930272702908,-0.08574930272702908,-0.08574930272702908,-0.08574930272702908,-0.08574930272702908,-0.08574930272702908,0.0,0.0,0.0,-0.15397287451830782
2026-09-30,-0.06844408899593543,-2.0301456744136224,1.8738459443167594,-0.06844408899593543,-0.06844408899593543,-0.1048361454588091,-0.1048361454588091,-0.1048361454588091,-0.1048361454588091,-0.1048361454588091,-0.1048361454588091,0.0,0.0,0.0,-0.17328023445474453
2026-10-01,-0.0686646062005921,-1.8884070409323657,2.0020807512377607,-0.0686646062005921,-0.0686646062005921,0.10415468979998165,0.10415468979998165,0.10415468979998165,0.10415468979998165,0.10415468979998165,0.10415468979998165,0.0,0.0,0.0,0.035490083599389544
2026-10-02,-0.06888512340524877,-2.0399836836484484,1.752150384400941,-0.06888512340524877,-0.06888512340524877,-0.04941494386664751,-0.04941494386664751,-0.04941494386664751,-0.04941494386664751,-0.04941494386664751,-0.04941494386664751,0.0,0.0,0.0,-0.11830006727189628
2026-10-03,-0.06910564060990544,-1.8164277119799244,2.082335092134248,-0.06910564060990544,-0.06910564060990544,0.27159334421764547,0.27159334421764547,0.27159334421764547,0.27159334421764547,0.27159334421764547,0.27159334421764547,0.0,0.0,0.0,0.20248770360774004
2026-10-04,-0.06932615781456211,-2.014488861240643,1.980477317627804,-0.06932615781456211,-0.06932615781456211,-0.022862196717100887,-0.022862196717100887,-0.022862196717100887,-0.022862196717100887,-0.022862196717100887,-0.022862196717100887,0.0,0.0,0.0,-0.09218835453166299
2026-10-05,-0.0695466750192188,-2.144744787884753,1.5940135850809178,-0.0695466750192188,-0.0695466750192188,-0.11288544524846478,-0.11288544524846478,-0.11288544524846478,-0.11288544524846478,-0.11288544524846478,-0.11288544524846478,0.0,0.0,0.0,-0.18243212026768357
2026-10-06,-0.06976719222387547,-2.1475912483870827,1.9004058115923053,-0.06976719222387547,-0.06976719222387547,-0.08574930272761024,-0.08574930272761024,-0.08574930272761024,-0.08574930272761024,-0.08574930272761024,-0.08574930272761024,0.0,0.0,0.0,-0.1555164949514857
2026-10-07,-0.06998770942853214,-2.0321332950499538,1.8100177343813504,-0.06998770942853214,-0.06998770942853214,-0.10483614545825912,-0.10483614545825912,-0.10483614545825912,-0.10483614545825912,-0.10483614545825912,-0.10483614545825912,0.0,0.0,0.0,-0.17482385488679125
2026-10-08,-0.07020822663318883,-1.7703238109597839,1.9894713693921557,-0.0704327682719946,-0.07005233210665547,0.10415468980007754,0.10415468980007754,0.10415468980007754,0.10415468980007754,0.10415468980007754,0.10415468980007754,0.0,0.0,0.0,0.03394646316688871
2026-10-09,-0.0704287438378455,-2.063734404176404,1.7882281740355506,-0.07132719061538775,-0.0694392941470478,-0.0494149438670989,-0.0494149438670989,-0.0494149438670989,-0.0494149438670989,-0.0494149438670989,-0.0494149438670989,0.0,0.0,0.0,-0.11984368770494441
